сity;district;address;address_number;latitude;longitude;closure_type;shelter_type;building_type;owner;ownership_type;phone;ramp
м.Київ;Солом'янський; б-р Вацлава Гавела;19-А;50.44528;30.41978;Найпростіші укриття;Підвал;Житловий будинок;ЖЕД № 904 «КК з ОЖФ Солом’янського району м.Києва»;Комунальна;408-27-37;Відсутній
м.Київ;Солом'янський; б-р Вацлава Гавела;21-А;50.44511;30.41871;Подвійного призначення;Підвал;Житловий будинок;ЖЕД № 904 «КК з ОЖФ Солом’янського району м.Києва»;Комунальна;408-27-37;Відсутній
м.Київ;Солом'янський; б-р Вацлава Гавела;27;50.44502;30.41645;Найпростіші укриття;Підвал;Житловий будинок;ЖЕД № 904 «КК з ОЖФ Солом’янського району м.Києва»;Комунальна;408-27-37;Відсутній
м.Київ;Солом'янський; б-р Вацлава Гавела;29;50.44489;30.41558;Подвійного призначення;Підвал;Житловий будинок;ЖЕД № 904 «КК з ОЖФ Солом’янського району м.Києва»;Комунальна;408-27-37;Відсутній
м.Київ;Солом'янський; б-р Вацлава Гавела;31;50.44416;30.41260;Подвійного призначення;Підвал;Житловий будинок;ЖЕД № 904 «КК з ОЖФ Солом’янського району м.Києва»;Комунальна;408-27-37;Відсутній
м.Київ;Солом'янський; б-р Вацлава Гавела;34-Б;50.42695;30.41602;Подвійного призначення;Підвал;Житловий будинок;ЖЕД № 905 «КК з ОЖФ Солом’янського району м.Києва;Комунальна;408-72-36;Відсутній
м.Київ;Солом'янський; б-р Вацлава Гавела;47/15;50.44006;30.40983;Подвійного призначення;Підвал;Житловий будинок;ЖЕД № 904 «КК з ОЖФ Солом’янського району м.Києва»;Комунальна;408-27-37;Відсутній
м.Київ;Солом'янський; б-р Вацлава Гавела;49;50.43919;30.41031;Подвійного призначення;Підвал;Житловий будинок;ЖЕД № 904 «КК з ОЖФ Солом’янського району м.Києва»;Комунальна;408-27-37;Відсутній
м.Київ;Солом'янський; б-р Вацлава Гавела;55;50.43740;30.41201;Подвійного призначення;Підвал;Житловий будинок;ЖЕД № 904 «КК з ОЖФ Солом’янського району м.Києва»;Комунальна;408-27-37;Відсутній
м.Київ;Солом'янський; б-р Вацлава Гавела;6-В;50.44776121398624;30.42289422751295;Подвійного призначення;Підвал;Адмін. будівля;ТОВ «Л-квартал Сервіс»;Приватна;225-23-85;Відсутній
м.Київ;Солом'янський; б-р Вацлава Гавела;6/7-А;50.4474117033198;30.420939171694897;Подвійного призначення;Підвал;Адмін. будівля;ТОВ «Л-квартал Сервіс»;Приватна;225-23-85;Відсутній
м.Київ;Солом'янський; б-р Вацлава Гавела;7-В;50.44573;30.42773;Найпростіші укриття;Підвал;Житловий будинок;ЖЕД № 904 «КК з ОЖФ Солом’янського району м.Києва»;Комунальна;408-27-37;Відсутній
м.Київ;Солом'янський; б-р Вацлава Гавела;79;50.42779;30.41730;Подвійного призначення;Підвал;Житловий будинок;ЖЕД № 905 «КК з ОЖФ Солом’янського району м.Києва;Комунальна;408-72-36;Відсутній
м.Київ;Солом'янський; б-р Вацлава Гавела;83;50.42628;30.41965;Подвійного призначення;Підвал;Житловий будинок;ЖЕД № 905 «КК з ОЖФ Солом’янського району м.Києва;Комунальна;408-72-36;Відсутній
м.Київ;Солом'янський; б-р Вацлава Гавела;9-А;50.44596068438018;30.425558469515927;Подвійного призначення;Підвал;Адмін. будівля;ТОВ «Екомісто»;Приватна;044-364-93-83;Відсутній
м.Київ;Солом'янський; б-р Вацлава Гавела/вул. Героїв Севастополя;;50.4452203;30.4143891;Найпростіші укриття;Підземний перехід з пандусом;Підземний перехід;КП «ШЕУ»;Комунальна;;В наявності
м.Київ;Солом'янський; б-р Чоколівський /Ушинського;;50.43640466037279;30.45252330424018;Найпростіші укриття;Підземний перехід з пандусом;Підземний перехід;КП «ШЕУ»;Комунальна;;В наявності
м.Київ;Солом'янський; б-р Чоколівський;1;50.42644911976839;30.458378054494027;Подвійного призначення;Підвал;Житловий будинок;ЖЕД № 902 КП «КК з ОЖФ Солом’янського району м.Києва»;Комунальна;242-00-21;Відсутній
м.Київ;Солом'янський; б-р Чоколівський;10;50.42822900930553;30.459424669839564;Подвійного призначення;Підвал;Житловий будинок;ЖЕД № 901 КП «КК з ОЖФ Солом’янського району м.Києва»;Комунальна;242-23-53;Відсутній
м.Київ;Солом'янський; б-р Чоколівський;11;50.42885500740814;30.45656566798494;Подвійного призначення;Підвал;Житловий будинок;ЖЕД № 902 КП «КК з ОЖФ Солом’янського району м.Києва»;Комунальна;242-00-21;Відсутній
м.Київ;Солом'янський; б-р Чоколівський;15;50.42932060982162;30.455439256348747;Найпростіші укриття;Підвал;Дитячий садочок;Дошкільний навчальний заклад 191;Комунальна;248-21-35;Відсутній
м.Київ;Солом'янський; б-р Чоколівський;20;50.43029843749912;30.456715883330517;Подвійного призначення;Підвал;Житловий будинок;ЖЕД № 901 КП «КК з ОЖФ Солом’янського району м.Києва»;Комунальна;242-23-53;Відсутній
м.Київ;Солом'янський; б-р Чоколівський;23;50.432895292893654;30.45411824100324;Подвійного призначення;Підвал;Житловий будинок;ЖЕД № 902 КП «КК з ОЖФ Солом’янського району м.Києва»;Комунальна;242-00-21;Відсутній
м.Київ;Солом'янський; б-р Чоколівський;28;50.432209863050055;30.455595898676158;Подвійного призначення;Підвал;Житловий будинок;ЖЕД № 901 КП «КК з ОЖФ Солом’янського району м.Києва»;Комунальна;242-23-53;Відсутній
м.Київ;Солом'янський; б-р Чоколівський;29;50.43489395670965;30.452816925658013;Подвійного призначення;Підвал;Житловий будинок;ЖЕД № 902 КП «КК з ОЖФ Солом’янського району м.Києва»;Комунальна;242-00-21;Відсутній
м.Київ;Солом'янський; б-р Чоколівський;30;50.4330222288497;30.454984183330566;Подвійного призначення;Підвал;Житловий будинок;ЖЕД № 901 КП «КК з ОЖФ Солом’янського району м.Києва»;Комунальна;242-23-53;Відсутній
м.Київ;Солом'янський; б-р Чоколівський;31;50.43542255495456;30.453010283330652;Подвійного призначення;Підвал;Житловий будинок;ЖЕД № 902 КП «КК з ОЖФ Солом’янського району м.Києва»;Комунальна;242-00-21;Відсутній
м.Київ;Солом'янський; б-р Чоколівський;33;50.43584471988641;30.452405567985224;Подвійного призначення;Підвал;Житловий будинок;ЖЕД № 902 КП «КК з ОЖФ Солом’янського району м.Києва»;Комунальна;242-00-21;Відсутній
м.Київ;Солом'янський; б-р Чоколівський;35;50.436410318847756;30.45255275449436;Подвійного призначення;Підвал;Житловий будинок;ЖЕД № 902 КП «КК з ОЖФ Солом’янського району м.Києва»;Комунальна;242-00-21;Відсутній
м.Київ;Солом'янський; б-р Чоколівський;39;50.437147049229225;30.45087575634911;Найпростіші укриття;Підвал;Гуртожиток;Національний медичний університет ім. О.О.Богомольця;Інша;044-234-40-62;Відсутній
м.Київ;Солом'янський; б-р Чоколівський;42-А;50.43877564330292;30.451807369839923;Подвійного призначення;Підвал;Адмін. будівля;ТОВ «Житлосервіс Солом’янка»;Приватна;044-220-18-64;Відсутній
м.Київ;Солом'янський; б-р Чоколівський/ Ушинського;;50.43737520468673;30.452880777661;Найпростіші укриття;Підземний перехід з пандусом;Підземний перехід;КП «ШЕУ»;Комунальна;;В наявності
м.Київ;Солом'янський; вул  Політехнічна;6;50.449214277428176;30.465309284206555;Найпростіші укриття;Підвал;Гуртожиток;НТУУ КПІ;Інша;236-69-13;Відсутній
м.Київ;Солом'янський; вул. Августина Волошина;2-А;50.43501605766845;30.443834127512613;Найпростіші укриття;Підземний паркінг;Житловий будинок;ОСББ «Машинобудівник-2А»;Приватна;044-457-01-09;Відсутній
м.Київ;Солом'янський; вул. Амосова;10 Головний к.;50.42194465701181;30.50208245449382;Найпростіші укриття;Підвал;Лікарня;Національний інститут фтизіатрії та пульмонології ім. Ф.Г.Яновського НАМН України;Інша;0275-04-02;Відсутній
м.Київ;Солом'янський; вул. Амосова;10 Дитячий к.;50.42194465701181;30.50208245449382;Найпростіші укриття;Підвал;Лікарня;Національний інститут фтизіатрії та пульмонології ім. Ф.Г.Яновського НАМН України;Інша;0275-04-02;Відсутній
м.Київ;Солом'янський; вул. Амосова;2;50.418933309692896;30.493593956348533;Подвійного призначення;Підвал;Адмін. будівля;ТОВ «Новобудова»;Приватна;044-280-01-35;Відсутній
м.Київ;Солом'янський;вул. Антонова 2/32 к.4А;;50.43155;30.45977;Найпростіші укриття;Підвал;Житловий будинок;ЖЕД № 901 КП «КК з ОЖФ Солом’янського району м.Києва»;Комунальна;242-23-53;Відсутній
м.Київ;Солом'янський;вул. Антонова 2/32 к.5;;50.43138;30.45980;Найпростіші укриття;Підвал;Житловий будинок;ЖЕД № 901 КП «КК з ОЖФ Солом’янського району м.Києва»;Комунальна;242-23-53;Відсутній
м.Київ;Солом'янський;вул. Антонова 3;;50.42907;30.46490;Найпростіші укриття;Підвал;Житловий будинок;ЖЕД № 901 КП «КК з ОЖФ Солом’янського району м.Києва»;Комунальна;242-23-53;Відсутній
м.Київ;Солом'янський; вул. Антонова;12;50.433329729964704;30.451448383330625;Найпростіші укриття;Підвал;Житловий будинок;ЖЕД № 902 КП «КК з ОЖФ Солом’янського району м.Києва»;Комунальна;242-00-21;Відсутній
м.Київ;Солом'янський; вул. Антонова;16;50.43354012720516;30.45097814100348;Подвійного призначення;Підвал;Житловий будинок;ЖЕД № 902 КП «КК з ОЖФ Солом’янського району м.Києва»;Комунальна;242-00-21;Відсутній
м.Київ;Солом'янський; вул. Антонова;17;50.43069;30.45725;Найпростіші укриття;Підвал;Житловий будинок;ЖЕД № 901 КП «КК з ОЖФ Солом’янського району м.Києва»;Комунальна;242-23-53;Відсутній
м.Київ;Солом'янський; вул. Антонова;18;50.43364712686524;30.45032279682148;Подвійного призначення;Підвал;Житловий будинок;ЖЕД № 902 КП «КК з ОЖФ Солом’янського району м.Києва»;Комунальна;242-00-21;Відсутній
м.Київ;Солом'янський; вул. Антонова;2/32 к.4;50.43139247126763;30.45972178333058;Подвійного призначення;Підвал;Житловий будинок;ЖЕД № 901 КП «КК з ОЖФ Солом’янського району м.Києва»;Комунальна;242-23-53;Відсутній
м.Київ;Солом'янський; вул. Антонова;2/32 к.6;50.43170;30.45778;Подвійного призначення;Підвал;Житловий будинок;ЖЕД № 901 КП «КК з ОЖФ Солом’янського району м.Києва»;Комунальна;242-23-53;Відсутній
м.Київ;Солом'янський; вул. Антонова;37;50.431843069576594;30.45317684100347;Подвійного призначення;Підвал;Житловий будинок;ЖЕД № 902 КП «КК з ОЖФ Солом’янського району м.Києва»;Комунальна;242-00-21;Відсутній
м.Київ;Солом'янський; вул. Антонова;4;50.43131;30.45902;Подвійного призначення;Підвал;Житловий будинок;ЖЕД № 901 КП «КК з ОЖФ Солом’янського району м.Києва»;Комунальна;242-23-53;Відсутній
м.Київ;Солом'янський; вул. Білгородська;12;50.42158960550486;30.47150046407114;Найпростіші укриття;Підвал;Житловий будинок;ЖЕД № 903 КП «КК з ОЖФ Солом’янського району м.Києва»;Комунальна;275-54-21;Відсутній
м.Київ;Солом'янський; вул. Білецікого;16;50.43130716862092;30.41714289769781;Найпростіші укриття;Підвал;Гуртожиток;Київський медичний коледж ім. П.І. Гаврося;Інша;249-07-54;Відсутній
м.Київ;Солом'янський; вул. Білецького;16-А;50.43172576760219;30.417403071970806;Найпростіші укриття;Підвал;Гуртожиток;Київський медичний коледж ім. П.І. Гаврося;Інша;497-11-71;Відсутній
м.Київ;Солом'янський; вул. Білецького;7;50.43050173685364;30.419516469839614;Найпростіші укриття;Підвал;Школа;Середня загальноосвітня школа № 54;Комунальна;404-61-90;Відсутній
м.Київ;Солом'янський; вул. Богданівська;24;50.435594693063;30.474289711565;Найпростіші укриття;Підвал;Житловий будинок;ЖЕД № 901 КП «КК з ОЖФ Солом’янського району м.Києва»;Комунальна;242-23-53;Відсутній
м.Київ;Солом'янський; вул. Богданівська;5-А;50.4365953348845;30.4793447307047;Найпростіші укриття;Підвал;Житловий будинок;ЖЕД № 901 КП «КК з ОЖФ Солом’янського району м.Києва»;Комунальна;242-23-53;Відсутній
м.Київ;Солом'янський; вул. Богданівська;7-А;50.435979899802604;30.47881016235944;Найпростіші укриття;Підземний паркінг;Житловий будинок;ОСББ «Малахіт 7А»;Приватна;095-507-6075;Відсутній
м.Київ;Солом'янський; вул. Богданівська;7-Б;50.43567238567824;30.479526312167213;Найпростіші укриття;Підземний паркінг;Житловий будинок;ОСББ Богданівська 7Б;Приватна;096-6535-992;Відсутній
м.Київ;Солом'янський; вул. Борщагівська;122;50.446434479098414;30.457484497698434;Найпростіші укриття;Підвал;Гуртожиток;НТУУ КПІ;Інша;236-69-13;Відсутній
м.Київ;Солом'янський; вул. Борщагівська;143-Б;50.44474;30.44712;Подвійного призначення;Підвал;Житловий будинок;ЖЕД № 906 «КК з ОЖФ Солом’янського району м.Києва;Комунальна;453-18-25;Відсутній
м.Київ;Солом'янський; вул. Борщагівська;144;50.44670283987075;30.45089634100371;Найпростіші укриття;Підвал;Гуртожиток;НТУУ КПІ;Інша;236-69-13;Відсутній
м.Київ;Солом'янський; вул. Борщагівська;146;50.44648075397712;30.449280769840126;Найпростіші укриття;Підвал;Гуртожиток;НТУУ КПІ;Інша;236-69-13;Відсутній
м.Київ;Солом'янський; вул. Борщагівська;148;50.44608441612464;30.4477112275129;Найпростіші укриття;Підвал;Гуртожиток;НТУУ КПІ;Інша;236-69-13;Відсутній
м.Київ;Солом'янський; вул. Борщагівська;152-А;50.44624745468448;30.446113956349347;Подвійного призначення;Підвал;Адмін. будівля;КП «Житло-Сервіс»;Приватна;044-281-44-01;Відсутній
м.Київ;Солом'янський; вул. Борщагівська;174/32;50.44437;30.44052;Подвійного призначення;Підвал;Житловий будинок;ЖЕД № 906 «КК з ОЖФ Солом’янського району м.Києва;Комунальна;453-18-25;Відсутній
м.Київ;Солом'янський; вул. Борщагівська;189;50.44177;30.43485;Подвійного призначення;Підвал;Житловий будинок;ЖЕД № 906 «КК з ОЖФ Солом’янського району м.Києва;Комунальна;453-18-25;Відсутній
м.Київ;Солом'янський; вул. Борщагівська;195/43;50.44128;30.43286;Подвійного призначення;Підвал;Житловий будинок;Приватна;Приватна;453-18-25;Відсутній
м.Київ;Солом'янський; вул. Борщагівська;195/43;50.44128;30.43286;Подвійного призначення;Підвал;Житловий будинок;ЖЕД № 906 «КК з ОЖФ Солом’янського району м.Києва;Комунальна;453-18-25;Відсутній
м.Київ;Солом'янський; вул. Борщагівська;206;50.44248267753673;30.434930483330888;Найпростіші укриття;Підземний паркінг;Житловий будинок;ОСББ «Мій затишок»;Приватна;063-312-8812;Відсутній
м.Київ;Солом'янський; вул. Борщагівська;210;50.44215;30.43382;Найпростіші укриття;Підвал;Житловий будинок;ЖЕД № 906 «КК з ОЖФ Солом’янського району м.Києва;Комунальна;453-18-25;Відсутній
м.Київ;Солом'янський; вул. Борщагівська;212;50.44183;30.43217;Подвійного призначення;Підвал;Житловий будинок;ЖЕД № 906 «КК з ОЖФ Солом’янського району м.Києва;Комунальна;453-18-25;Відсутній
м.Київ;Солом'янський; вул. Борщагівська;173/187;50.44235;30.43722;Найпростіші укриття;Підвал;Житловий будинок;ЖЕД № 906 «КК з ОЖФ Солом’янського району м.Києва;Комунальна;453-18-25;Відсутній
м.Київ;Солом'янський; вул. Борщагівська/ зупинка «НАУ»;;50.44164045901886;30.433300141123468;Найпростіші укриття;Підземний перехід з пандусом;Підземний перехід;Cлужба колії КП «Київпастранс» (швидкісний трамвай);Комунальна;;В наявності
м.Київ;Солом'янський; вул. Борщагівська/ зупинка «Політехнічний інститут»;;50.44679146373452;30.466431568595645;Найпростіші укриття;Підземний перехід з пандусом;Підземний перехід;Cлужба колії КП «Київпастранс» (швидкісний трамвай);Комунальна;;В наявності
м.Київ;Солом'янський; вул. Борщагівська/ зупинка «Польова»;;50.44652974201684;30.45503297976033;Найпростіші укриття;Підземний перехід з пандусом;Підземний перехід;Cлужба колії КП «Київпастранс» (швидкісний трамвай);Комунальна;;В наявності
м.Київ;Солом'янський; вул. Борщагівська/ Редукторний завод;;50.44413165751507;30.44238005689373;Найпростіші укриття;Підземний перехід з пандусом;Підземний перехід;КП «ШЕУ»;Комунальна;;В наявності
м.Київ;Солом'янський; вул. Борщагівська/ Тупікова;;50.443313655428575;30.439816999653146;Найпростіші укриття;Підземний перехід з пандусом;Підземний перехід;КП «ШЕУ»;Комунальна;;В наявності
м.Київ;Солом'янський; вул. Братів Зерових ;1/3;50.42591817592601;30.474472331475774;Найпростіші укриття;Підвал;Житловий будинок;ЖЕД № 903 КП «КК з ОЖФ Солом’янського району м.Києва»;Комунальна;275-54-21;Відсутній
м.Київ;Солом'янський; вул. Братів Зерових ;14-А;50.42308225711125;30.470871044387927;Найпростіші укриття;Підвал;Житловий будинок;ЖЕД № 903 КП «КК з ОЖФ Солом’янського району м.Києва»;Комунальна;275-54-21;Відсутній
м.Київ;Солом'янський; вул. Братів Зерових ;14-В;50.42267212614782;30.470720840678638;Найпростіші укриття;Підвал;Житловий будинок;ЖЕД № 903 КП «КК з ОЖФ Солом’янського району м.Києва»;Комунальна;275-54-21;Відсутній
м.Київ;Солом'янський; вул. Братів Зерових;4/6;50.42545281771995;30.473423369839587;Найпростіші укриття;Підвал;Житловий будинок;ЖЕД № 903 КП «КК з ОЖФ Солом’янського району м.Києва»;Комунальна;275-54-21;Відсутній
м.Київ;Солом'янський; вул. Вадима Гетьмана;26-28;50.44610436898304;30.441305027512957;Найпростіші укриття;Підвал;Адмін. будівля;КП «Стоматологія» Солом’янського району м. Києва;Комунальна;457-12-32;Відсутній
м.Київ;Солом'янський; вул. Василенка;1;50.45463849114811;30.418031169840212;Найпростіші укриття;Підвал;Гуртожиток;Державне підприємство Міністерства оборони України;Інша;067-1055-999;Відсутній
м.Київ;Солом'янський; вул. Василенка;11;50.44533;30.42237;Найпростіші укриття;Підвал;Житловий будинок;ЖЕД № 904 «КК з ОЖФ Солом’янського району м.Києва»;Комунальна;408-27-37;Відсутній
м.Київ;Солом'янський; вул. Василенка;12;50.44180;30.42294;Найпростіші укриття;Підвал;Житловий будинок;ЖЕД № 904 «КК з ОЖФ Солом’янського району м.Києва»;Комунальна;408-27-37;Відсутній
м.Київ;Солом'янський; вул. Василенка;12-Б;50.441489600517194;30.421003885185595;Найпростіші укриття;Підвал;Дитячий садочок;Дошкільний навчальний заклад № 396;Комунальна;497-53-57;Відсутній
м.Київ;Солом'янський; вул. Василенка;14;50.44054;30.42373;Найпростіші укриття;Підвал;Житловий будинок;ЖЕД № 904 «КК з ОЖФ Солом’янського району м.Києва»;Комунальна;408-27-37;Відсутній
м.Київ;Солом'янський; вул. Василенка;14-В;50.44017;30.42183;Найпростіші укриття;Підвал;Житловий будинок;ЖЕД № 904 «КК з ОЖФ Солом’янського району м.Києва»;Комунальна;408-27-37;Відсутній
м.Київ;Солом'янський; вул. Василенка;17;50.44237;30.42430;Найпростіші укриття;Підвал;Житловий будинок;ЖЕД № 904 «КК з ОЖФ Солом’янського району м.Києва»;Комунальна;408-27-37;Відсутній
м.Київ;Солом'янський; вул. Василенка;17-А;50.44257;30.42631;Найпростіші укриття;Підвал;Житловий будинок;ЖЕД № 904 «КК з ОЖФ Солом’янського району м.Києва»;Комунальна;408-27-37;Відсутній
м.Київ;Солом'янський; вул. Василенка;19;50.44193;30.42393;Найпростіші укриття;Підвал;Житловий будинок;ЖЕД № 904 «КК з ОЖФ Солом’янського району м.Києва»;Комунальна;408-27-37;Відсутній
м.Київ;Солом'янський; вул. Василенка;23;50.44206;30.42501;Найпростіші укриття;Підвал;Житловий будинок;ЖЕД № 904 «КК з ОЖФ Солом’янського району м.Києва»;Комунальна;408-27-37;Відсутній
м.Київ;Солом'янський; вул. Василенка;23-А;50.44193;30.42564;Найпростіші укриття;Підвал;Житловий будинок;ЖЕД № 904 «КК з ОЖФ Солом’янського району м.Києва»;Комунальна;408-27-37;Відсутній
м.Київ;Солом'янський; вул. Василенка;23-Б;50.44186;30.42628;Найпростіші укриття;Підвал;Житловий будинок;ЖЕД № 904 «КК з ОЖФ Солом’янського району м.Києва»;Комунальна;408-27-37;Відсутній
м.Київ;Солом'янський; вул. Василенка;25;50.44089;30.42460;Найпростіші укриття;Підвал;Житловий будинок;ЖЕД № 904 «КК з ОЖФ Солом’янського району м.Києва»;Комунальна;408-27-37;Відсутній
м.Київ;Солом'янський; вул. Василенка;8;50.44443;30.42133;Найпростіші укриття;Підвал;Житловий будинок;ЖЕД № 904 КП «КК з ОЖФ Солом’янського району м.Києва»;Комунальна;408-27-37;Відсутній
м.Київ;Солом'янський; вул. Василенка;8-А;50.44355;30.42114;Найпростіші укриття;Підвал;Житловий будинок;ЖЕД № 904 «КК з ОЖФ Солом’янського району м.Києва»;Комунальна;408-27-37;Відсутній
м.Київ;Солом'янський; вул. Василенка;8-Б;50.44344;30.42052;Найпростіші укриття;Підвал;Житловий будинок;ЖЕД № 904 «КК з ОЖФ Солом’янського району м.Києва»;Комунальна;408-27-37;Відсутній
м.Київ;Солом'янський; вул. Васильченка;3;50.452206530529836;30.420179183331182;Подвійного призначення;Підвал; Адмін. будівля;КП «Житло-Сервіс»;Приватна;044-281-44-01;Відсутній
м.Київ;Солом'янський; вул. Верхньоключова;1/26;50.44288636282761;30.447072541878267;Найпростіші укриття;Підвал;Гуртожиток;НТУУ КПІ;Інша;236-69-13;Відсутній
м.Київ;Солом'янський; вул. Верхньоключова;4;50.44279943248085;30.447181353518328;Найпростіші укриття;Підвал;Гуртожиток;НТУУ КПІ;Інша;236-69-13;Відсутній
м.Київ;Солом'янський; вул. Виборзька;;50.44775509191703;30.443091139684554;Найпростіші укриття;Підземний перехід з пандусом;Підземний перехід;КП «ШЕУ»;Комунальна;;В наявності
м.Київ;Солом'янський; вул. Виборзька;87;50.45009;30.43237;Подвійного призначення;Підвал;Житловий будинок;ЖЕД № 904 «КК з ОЖФ Солом’янського району м.Києва»;Комунальна;408-27-37;Відсутній
м.Київ;Солом'янський; вул. Виборзька;89-А;50.45030;30.43111;Подвійного призначення;Підвал;Житловий будинок;ЖЕД № 904 «КК з ОЖФ Солом’янського району м.Києва»;Комунальна;408-27-37;Відсутній
м.Київ;Солом'янський; вул. Вінницька;10;50.418262903312026;30.45395959954931;Найпростіші укриття;Підвал;Гуртожиток;Київський транспортно-технологічний коледж;Інша;583-37-73;Відсутній
м.Київ;Солом'янський; вул. Волгоградська;1/2;50.42845568228886;30.495096998676082;Найпростіші укриття;Підвал;Школа;Середня загальноосвітня школа № 60 комплексного розвитку дітей «Росток»;Комунальна;275-74-54;Відсутній
м.Київ;Солом'янський; вул. Волгоградська;21;50.42481899015602;30.491260512166757;Подвійного призначення;Підвал;Житловий будинок;ЖЕД № 903 КП «КК з ОЖФ Солом’янського району м.Києва»;Комунальна;275-54-21;Відсутній
м.Київ;Солом'янський; вул. Волинська;11/14;50.42953294366559;30.450455069839805;Найпростіші укриття;Підвал;Гуртожиток;Київський національний університет будівництва і архітектури;Інша;044-275-16-02;Відсутній
м.Київ;Солом'янський; вул. Волинська;15;50.429207440963516;30.450365612166898;Подвійного призначення;Підвал;Житловий будинок;ЖЕД № 902 КП «КК з ОЖФ Солом’янського району м.Києва»;Комунальна;242-00-21;Відсутній
м.Київ;Солом'янський; вул. Волинська;17/28;50.428100484904554;30.449576507949182;Найпростіші укриття;Підвал;Житловий будинок;ЖЕД № 902 КП «КК з ОЖФ Солом’янського району м.Києва»;Комунальна;242-00-21;Відсутній
м.Київ;Солом'янський; вул. Волинська;3;50.4327884636996;30.45303205634889;Подвійного призначення;Підвал;Житловий будинок;ЖЕД № 902 КП «КК з ОЖФ Солом’янського району м.Києва»;Комунальна;242-00-21;Відсутній
м.Київ;Солом'янський; вул. Вузівська;5;50.424756019831925;30.465313125657698;Найпростіші укриття;Підземний паркінг;Житловий будинок;ОСББ «ТВК-2000»;Приватна;044-270-44-62;Відсутній
м.Київ;Солом'янський; вул. Галатківська;1/7;50.43736;30.4788;Подвійного призначення;Підвал;Житловий будинок;ЖЕД № 901 КП «КК з ОЖФ Солом’янського району м.Києва»;Комунальна;242-23-53;Відсутній
м.Київ;Солом'янський; вул. Галего  Миколи;7-В;50.43874971066096;30.437603385185533;Подвійного призначення;Підвал;Адмін. будівля;ТОВ «Житлосервіс Солом’янка»;Приватна;044-220-18-64;Відсутній
м.Київ;Солом'янський; вул. Галего;7-А г.12;50.438010012808405;30.441162369839837;Найпростіші укриття;Підвал;Гуртожиток;Національний авіаційний університет;Інша;044-457-77-55;Відсутній
м.Київ;Солом'янський; вул. Гарматна;;50.441805240002985;30.43161575423963;Найпростіші укриття;Підземний перехід з пандусом;Підземний перехід;КП «ШЕУ»;Комунальна;;В наявності
м.Київ;Солом'янський; вул. Гарматна;16/85;50.44959;30.43338;Подвійного призначення;Підвал;Житловий будинок;ЖЕД № 904 «КК з ОЖФ Солом’янського району м.Києва»;Комунальна;408-27-37;Відсутній
м.Київ;Солом'янський; вул. Гарматна;23;50.44843;30.43397;Найпростіші укриття;Підвал;Житловий будинок;ЖЕД № 906 «КК з ОЖФ Солом’янського району м.Києва;Комунальна;453-18-25;Відсутній
м.Київ;Солом'янський; вул. Гарматна;31-А;50.44719828382815;30.434395627513105;Подвійного призначення;Підвал;Адмін. будівля;ТОВ «Аркада-Житлосервіс»;Приватна;044-277-72-09 (75-90);Відсутній
м.Київ;Солом'янський; вул. Гарматна;33/1;50.44623;30.43289;Подвійного призначення;Підвал;Житловий будинок;ЖЕД № 906 «КК з ОЖФ Солом’янського району м.Києва;Комунальна;453-18-25;Відсутній
м.Київ;Солом'янський; вул. Гарматна;35;50.44576;30.43269;Подвійного призначення;Підвал;Житловий будинок;ЖЕД № 906 «КК з ОЖФ Солом’янського району м.Києва;Комунальна;453-18-25;Відсутній
м.Київ;Солом'янський; вул. Гарматна;38;50.44287;30.43102;Найпростіші укриття;Підвал;Житловий будинок;ЖЕД № 904 «КК з ОЖФ Солом’янського району м.Києва»;Комунальна;408-27-37;Відсутній
м.Київ;Солом'янський; вул. Гарматна;39-В;50.44234;30.43203;Подвійного призначення;Підвал;Житловий будинок;ЖЕД № 906 «КК з ОЖФ Солом’янського району м.Києва;Комунальна;453-18-25;Відсутній
м.Київ;Солом'янський; вул. Гарматна;40;50.44227;30.43068;Найпростіші укриття;Підвал;Житловий будинок;ЖЕД № 904 «КК з ОЖФ Солом’янського району м.Києва»;Комунальна;408-27-37;Відсутній
м.Київ;Солом'янський; вул. Гарматна;42;50.44193;30.43092;Найпростіші укриття;Підвал;Житловий будинок;ЖЕД № 904 «КК з ОЖФ Солом’янського району м.Києва»;Комунальна;408-27-37;Відсутній
м.Київ;Солом'янський; вул. Гарматна;44/2;50.44126;30.42998;Подвійного призначення;Підвал;Житловий будинок;ЖЕД № 904 «КК з ОЖФ Солом’янського району м.Києва»;Комунальна;408-27-37;Відсутній
м.Київ;Солом'янський; вул. Гарматна;55;50.43797;30.43469;Подвійного призначення;Підвал;Житловий будинок;ЖЕД № 906 «КК з ОЖФ Солом’янського району м.Києва;Комунальна;453-18-25;Відсутній
м.Київ;Солом'янський; вул. Генерала Воробйова;11;50.4358812963552;30.4683418251952;Підвал;Житловий будинок;ЖЕД № 901 КП «КК з ОЖФ Солом’янського району м.Києва»;Комунальна;242-23-53;242-42-09;Відсутній
м.Київ;Солом'янський; вул. Генерала Воробйова;13-Є;50.4362730530587;30.4678013986505;Підвал;Житловий будинок;ЖЕД № 901 КП «КК з ОЖФ Солом’янського району м.Києва»;Комунальна;242-23-53;242-42-09;Відсутній
м.Київ;Солом'янський; вул. Генерала Воробйова;4 к.1;50.435529286049956;30.471137325333576;Найпростіші укриття;Підвал;Житловий будинок;ЖЕД № 901 КП «КК з ОЖФ Солом’янського району м.Києва»;Комунальна;242-23-53;Відсутній
м.Київ;Солом'янський; вул. Героїв Севастополя;12;50.44296;30.41471;Найпростіші укриття;Підвал;Житловий будинок;ЖЕД № 904 «КК з ОЖФ Солом’янського району м.Києва»;Комунальна;408-27-37;Відсутній
м.Київ;Солом'янський; вул. Героїв Севастополя;14;50.44267;30.41509;Найпростіші укриття;Підвал;Житловий будинок;ЖЕД № 904 «КК з ОЖФ Солом’янського району м.Києва»;Комунальна;408-27-37;Відсутній
м.Київ;Солом'янський; вул. Героїв Севастополя;15-А;50.44068117266362;30.419997725658092;Найпростіші укриття;Підвал;Дитячий садочок;Дошкільний навчальний заклад № 425;Комунальна;497-70-61;Відсутній
м.Київ;Солом'янський; вул. Героїв Севастополя;16;50.44229;30.41520;Найпростіші укриття;Підвал;Житловий будинок;ЖЕД № 904 «КК з ОЖФ Солом’янського району м.Києва»;Комунальна;408-27-37;Відсутній
м.Київ;Солом'янський; вул. Героїв Севастополя;18/2;50.44184;30.41507;Найпростіші укриття;Підвал;Житловий будинок;ЖЕД № 904 «КК з ОЖФ Солом’янського району м.Києва»;Комунальна;408-27-37;Відсутній
м.Київ;Солом'янський; вул. Героїв Севастополя;22;50.44073;30.41665;Найпростіші укриття;Підвал;Житловий будинок;ЖЕД № 904 «КК з ОЖФ Солом’янського району м.Києва»;Комунальна;408-27-37;Відсутній
м.Київ;Солом'янський; вул. Героїв Севастополя;31-а;50.4361955567442;30.422291496821494;Найпростіші укриття;Підвал;Дитячий садочок;Дошкільний навчальний заклад № 483;Комунальна;497-80-33;Відсутній
м.Київ;Солом'янський; вул. Героїв Севастополя;44/10;50.42964;30.42529;Подвійного призначення;Підвал;Житловий будинок;ЖЕД № 905«КК з ОЖФ Солом’янського району м.Києва;Комунальна;408-72-36;Відсутній
м.Київ;Солом'янський; вул. Героїв Севастополя;9-А;50.44258999846456;30.418551296821832;Найпростіші укриття;Підвал;Школа;Середня загальноосвітня школа № 67;Комунальна;497-70-94;Відсутній
м.Київ;Солом'янський; вул. Гетьмана;1 А;50.4529407591858;30.4470649544948;Подвійного призначення;Підвал;Адмін. будівля;ТОВ «Житлосервіс»;Приватна;044-496-58-49;Відсутній
м.Київ;Солом'янський; вул. Гетьмана;30-Б;50.44523530863694;30.440224412167325;Подвійного призначення;Підвал;Адмін. будівля;ТОВ «Житлосервіс Плюс»;Приватна;044-451-43-26;Відсутній
м.Київ;Солом'янський; вул. Гетьмана;34;50.44409;30.43088;Подвійного призначення;Підвал;Житловий будинок;ЖЕД № 906 «КК з ОЖФ Солом’янського району м.Києва;Комунальна;453-18-25;Відсутній
м.Київ;Солом'янський; вул. Глінки;7;50.42533821806735;30.443933141003072;Найпростіші укриття;Підвал;Гуртожиток;ЖЕД № 902 КП «КК з ОЖФ Солом’янського району м.Києва»;Комунальна;242-00-21;Відсутній
м.Київ;Солом'янський; вул. Головка;27;50.418456983629206;30.47978584100301;Подвійного призначення;Підвал;Житловий будинок;ЖЕД № 903 КП «КК з ОЖФ Солом’янського району м.Києва»;Комунальна;275-54-21;Відсутній
м.Київ;Солом'янський; вул. Деснянська;19;50.44544;30.43898;Найпростіші укриття;Підвал;Житловий будинок;ЖЕД № 906 «КК з ОЖФ Солом’янського району м.Києва;Комунальна;453-18-25;Відсутній
м.Київ;Солом'янський; вул. Донецька;8/10;50.42612582088833;30.45604288333042;Подвійного призначення;Підвал;Житловий будинок;ЖЕД № 902 КП «КК з ОЖФ Солом’янського району м.Києва»;Комунальна;242-00-21;Відсутній
м.Київ;Солом'янський; вул. Донця;16;50.427634011109;30.424028342857813;Найпростіші укриття;Підвал;Школа;Спеціалізована школа № 52 з поглибленим вивченням інформ. технологій;Комунальна;404-90-03;Відсутній
м.Київ;Солом'янський; вул. Донця;17/46;50.42842;30.42722;Подвійного призначення;Підвал;Житловий будинок;ЖЕД № 905 «КК з ОЖФ Солом’янського району м.Києва;Комунальна;408-72-36;Відсутній
м.Київ;Солом'янський; вул. Донця;19;50.42773;30.42565;Подвійного призначення;Підвал;Житловий будинок;ЖЕД № 905 «КК з ОЖФ Солом’янського району м.Києва;Комунальна;408-72-36;Відсутній
м.Київ;Солом'янський; вул. Донця;2-А;50.43589068608158;30.43157648518535;Подвійного призначення;Підвал;Адмін. будівля;ТОВ «Авіатор-сервіс 24»;Приватна;044-303-93-50;Відсутній
м.Київ;Солом'янський; вул. Донця;21-А;50.42676;30.42481;Найпростіші укриття;Підвал;Житловий будинок;ЖЕД № 905 «КК з ОЖФ Солом’янського району м.Києва;Комунальна;408-72-36;Відсутній
м.Київ;Солом'янський; вул. Донця;25/89;50.42511;30.42393;Подвійного призначення;Підвал;Житловий будинок;ЖЕД № 905 «КК з ОЖФ Солом’янського району м.Києва;Комунальна;408-72-36;Відсутній
м.Київ;Солом'янський; вул. Ернста;10;50.417006734169895;30.46136485634849;Найпростіші укриття;Підвал;Дитячий садочок;Дошкільний навчальний заклад № 197;Комунальна;246-85-56;Відсутній
м.Київ;Солом'янський; вул. Єреванська;12-А;50.43504831975111;30.460115099549952;Найпростіші укриття;Підвал;Гуртожиток;Київське вище професійне училище швейного та перукарського мистецтва;Інша;497-11-71;Відсутній
м.Київ;Солом'янський; вул. Єреванська;14;50.4360303954761 30.4595091429565;Подвійного призначення;Підвал;Житловий будинок;ЖЕД № 901 КП «КК з ОЖФ Солом’янського району м.Києва»;Комунальна;242-23-53;242-42-09;Відсутній
м.Київ;Солом'янський; вул. Єреванська;16;50.4365584636111 30.4600739704182;Подвійного призначення;Підвал;Житловий будинок;ЖЕД № 901 КП «КК з ОЖФ Солом’янського району м.Києва»;Комунальна;242-23-53;242-42-09;Відсутній
м.Київ;Солом'янський; вул. Єреванська;18;50.4368717916023 30.4606578708912;Подвійного призначення;Підвал;Житловий будинок;ЖЕД № 901 КП «КК з ОЖФ Солом’янського району м.Києва»;Комунальна;242-23-53;242-42-09;Відсутній
м.Київ;Солом'янський; вул. Єреванська;19;50.4374908006469 30.4614297107907;Подвійного призначення;Підвал;Житловий будинок;ЖЕД № 901 КП «КК з ОЖФ Солом’янського району м.Києва»;Комунальна;242-23-53;242-42-09;Відсутній
м.Київ;Солом'янський; вул. Єреванська;2;50.4322915251128 30.4566520711572;Найпростіші укриття;Підвал;Житловий будинок;ЖЕД № 901 КП «КК з ОЖФ Солом’янського району м.Києва»;Комунальна;242-23-53;242-42-09;Відсутній
м.Київ;Солом'янський; вул. Єреванська;21;50.4379039753962 30.4617026108556;Подвійного призначення;Підвал;Житловий будинок;ЖЕД № 901 КП «КК з ОЖФ Солом’янського району м.Києва»;Комунальна;242-23-53;242-42-09;Відсутній
м.Київ;Солом'янський; вул. Єреванська;23;50.4376518545263 30.4622594778424;Подвійного призначення;Підвал;Житловий будинок;ЖЕД № 901 КП «КК з ОЖФ Солом’янського району м.Києва»;Комунальна;242-23-53;242-42-09;Відсутній
м.Київ;Солом'янський; вул. Єреванська;24;50.4372204474903 30.4636924076522;Подвійного призначення;Підвал;Житловий будинок;ЖЕД № 901 КП «КК з ОЖФ Солом’янського району м.Києва»;Комунальна;242-23-53;242-42-09;Відсутній
м.Київ;Солом'янський; вул. Єреванська;26;50.437557921702 30.4640977566291;Подвійного призначення;Підвал;Житловий будинок;ЖЕД № 901 КП «КК з ОЖФ Солом’янського району м.Києва»;Комунальна;242-23-53;242-42-09;Відсутній
м.Київ;Солом'янський; вул. Єреванська;4;50.4328710912939 30.4571034077182;Найпростіші укриття;Підвал;Житловий будинок;ЖЕД № 901 КП «КК з ОЖФ Солом’янського району м.Києва»;Комунальна;242-23-53;242-42-09;Відсутній
м.Київ;Солом'янський; вул. Єреванська;6;50.43348075938113;30.457829169839833;Найпростіші укриття;Підвал;Адмін. будівля;Комунальне неприбуткове підприємство (КНП) «Центр первинної медико-санітарної допомоги №2 Солом’янського району м. Києва»;Комунальна;241-12-00;Відсутній
м.Київ;Солом'янський; вул. Єреванська;8;50.4343570921542 30.4582099439206;Подвійного призначення;Підвал;Житловий будинок;"ЖЕД № 901 КП ""КК з ОЖФ Солом’янського району м.Києва""";Комунальна;242-23-53;242-42-09;Відсутній
м.Київ;Солом'янський; вул. Заломова;1-А;50.418796918532934;30.492775812166524;Найпростіші укриття;Підвал;Житловий будинок;ЖЕД № 903 КП «КК з ОЖФ Солом’янського району м.Києва»;Комунальна;275-54-21;Відсутній
м.Київ;Солом'янський; вул. Західна;4;50.44542;30.43321;Найпростіші укриття;Підвал;Житловий будинок;ЖЕД № 906 «КК з ОЖФ Солом’янського району м.Києва;Комунальна;453-18-25;Відсутній
м.Київ;Солом'янський; вул. Зелена ;12;50.425881521734624;30.436319384860603;Найпростіші укриття;Підвал;Школа;Середня загальноосвітня школа № 12;Комунальна;408-04-78;Відсутній
м.Київ;Солом'янський; вул. Зоологічна;50.45212976211308;30.460201541003965;Найпростіші укриття;Підземний перехід з пандусом;Підземний перехід;КП «ШЕУ»;Комунальна;;В наявності;
м.Київ;Солом'янський; вул. Іскрівська;10;50.437700813991995;30.457495154494328;Найпростіші укриття;Підвал;Дитячий садочок;Дошкільний навчальний заклад № 344;Комунальна;242-55-84;Відсутній
м.Київ;Солом'янський; вул. Іскрівська;11;50.43962637475719;30.456451154170093;Подвійного призначення;Підвал;Житловий будинок;ЖЕД № 901 КП «КК з ОЖФ Солом’янського району м.Києва»;Комунальна;242-23-53;Відсутній
м.Київ;Солом'янський; вул. Іскрівська;12;50.43779165 30.458154505;Найпростіші укриття;Підвал;Житловий будинок;ЖЕД № 901 КП «КК з ОЖФ Солом’янського району м.Києва»;Комунальна;242-23-53;242-42-09;Відсутній
м.Київ;Солом'янський; вул. Іскрівська;5;50.4371237131516 30.4573176269559;Найпростіші укриття;Підвал;Житловий будинок;ЖЕД № 901 КП «КК з ОЖФ Солом’янського району м.Києва»;Комунальна;242-23-53;242-42-09;Відсутній
м.Київ;Солом'янський; вул. Іскрівська;8;50.43755928102346;30.45907139867628;Найпростіші укриття;Підвал;Дитячий садочок;Дошкільний навчальний заклад № 375;Комунальна;243-46-36;Відсутній
м.Київ;Солом'янський; вул. Іскрівська;9;50.4384033520943 30.4566987813719;Подвійного призначення;Підвал;Житловий будинок;ЖЕД № 901 КП «КК з ОЖФ Солом’янського району м.Києва»;Комунальна;242-23-53;242-42-09;Відсутній
м.Київ;Солом'янський; вул. Каблукова;14;50.43930937521727;30.411057541003554;Найпростіші укриття;Підвал;Школа;Середня загальноосвітня школа №161 м. Києва;Комунальна;497-73-13;Відсутній
м.Київ;Солом'янський; вул. Кавказська;10;50.432238465525664;30.478883354494236;Найпростіші укриття;Підвал;Школа;МПБ «Олімпік»;Комунальна;248-23-03;Відсутній
м.Київ;Солом'янський; вул. Кавказька;10;50.432238465525664;30.478883354494236;Найпростіші укриття;Підвал;Школа;Спеціалізована школа № 115 ім. І.Огієнка;Комунальна;248 23-03;Відсутній
м.Київ;Солом'янський; вул. Кадетський Гай;5;50.41469902374711;30.46634001216656;Найпростіші укриття;Підвал;Дитячий садочок;Дошкільний навчальний заклад № 63;Комунальна;246-19-46;Відсутній
м.Київ;Солом'янський; вул. Кадетський гай;6;50.41357634877725;30.46677226983918;Подвійного призначення;Підвал;Адмін. будівля;КП «Житло-Сервіс»;Приватна;044-281-44-01;Відсутній
м.Київ;Солом'янський; вул. Кадетський Гай;7;50.4142121461165;30.467297256348267;Найпростіші укриття;Підвал;Житловий будинок;ЖЕД № 902 КП «КК з ОЖФ Солом’янського району м.Києва»;Комунальна;242-00-21;Відсутній
м.Київ;Солом'янський; вул. Кадетський Гай;9;50.413669490296975;30.468394256348287;Найпростіші укриття;Підземний паркінг;Житловий будинок;ОСББ «Гай 9»;;Приватна;Відсутній
м.Київ;Солом'янський; вул. Каменярів;32;50.40444254319353;30.486172998675304;Найпростіші укриття;Підвал;Школа;Середня загальноосвітня школа №121;Комунальна;524-14-74;Відсутній
м.Київ;Солом'янський; вул. Карпинського;4;50.42510635963807;30.451620369839514;Найпростіші укриття;Підвал;Дитячий садочок;Дошкільний навчальний заклад № 714;Комунальна;242-30-51;Відсутній
м.Київ;Солом'янський; вул. Керченська;1/20;50.42781091505124;30.451575327512494;Найпростіші укриття;Підвал;Житловий будинок;ЖЕД № 902 КП «КК з ОЖФ Солом’янського району м.Києва»;Комунальна;242-00-21;Відсутній
м.Київ;Солом'янський; вул. Керченська;11-А;50.4312193749345;30.452964598676036;Найпростіші укриття;Підвал;Дитячий садочок;Дошкільний навчальний заклад №376;Комунальна;243-31-73;Відсутній
м.Київ;Солом'янський; вул. Керченська;3;50.42776914553056;30.451645469839594;Найпростіші укриття;Підвал;Житловий будинок;ЖЕД № 902 КП «КК з ОЖФ Солом’янського району м.Києва»;Комунальна;242-00-21;Відсутній
м.Київ;Солом'янський; вул. Керченська;5;50.428112040099656;30.451916141003252;Найпростіші укриття;Підвал;Житловий будинок;ЖЕД № 902 КП «КК з ОЖФ Солом’янського району м.Києва»;Комунальна;242-00-21;Відсутній
м.Київ;Солом'янський; вул. Клінічна;21/19;50.41849921965001;30.489673969839412;Найпростіші укриття;Підвал;Адмін. будівля;Інститут цукрових буряків;Приватна;275-50-00;Відсутній
м.Київ;Солом'янський; вул. Клінічна;23-25;50.41896580958513;30.490108785185008;Найпростіші укриття;Підземний паркінг;Житловий будинок;ОСББ «Башта»;Приватна;044-249-63-60;Відсутній
м.Київ;Солом'янський; вул. Клінічна;28;50.418291739423346;30.4901855410029;Найпростіші укриття;Підземний паркінг;Житловий будинок;ОСББ «Дім-Дом-Плюс»;Приватна;569-38-85;Відсутній
м.Київ;Солом'янський; вул. Комарова;10;50.44098;30.42774;Найпростіші укриття;Підвал;Житловий будинок;ЖЕД № 904 «КК з ОЖФ Солом’янського району м.Києва»;Комунальна;408-27-37;Відсутній
м.Київ;Солом'янський; вул. Комарова;10-А;50.44177;30.42725;Найпростіші укриття;Підвал;Житловий будинок;ЖЕД № 904 «КК з ОЖФ Солом’янського району м.Києва»;Комунальна;408-27-37;Відсутній
м.Київ;Солом'янський; вул. Комарова;14-А;50.44067;30.42563;Найпростіші укриття;Підвал;Житловий будинок;ЖЕД № 904 «КК з ОЖФ Солом’янського району м.Києва»;Комунальна;408-27-37;Відсутній
м.Київ;Солом'янський; вул. Комарова;16;50.44017;30.42586;Подвійного призначення;Підвал;Житловий будинок;ЖЕД № 904 «КК з ОЖФ Солом’янського району м.Києва»;Комунальна;408-27-37;Відсутній
м.Київ;Солом'янський; вул. Комарова;30/28;50.43796;30.41726;Подвійного призначення;Підвал;Житловий будинок;ЖЕД № 904 «КК з ОЖФ Солом’янського району м.Києва»;Комунальна;408-27-37;Відсутній
м.Київ;Солом'янський; вул. Комарова;38-А;50.43718;30.41434;Подвійного призначення;Підвал;Житловий будинок;ЖЕД № 904 «КК з ОЖФ Солом’янського району м.Києва»;Комунальна;408-27-37;Відсутній
м.Київ;Солом'янський; вул. Комарова;4-А;50.44176;30.42914;Найпростіші укриття;Підвал;Житловий будинок;ЖЕД № 904 «КК з ОЖФ Солом’янського району м.Києва»;Комунальна;408-27-37;Відсутній
м.Київ;Солом'янський; вул. Комарова;40;50.43718;30.41280;Подвійного призначення;Підвал;Житловий будинок;ЖЕД № 904 «КК з ОЖФ Солом’янського району м.Києва»;Комунальна;408-27-37;Відсутній
м.Київ;Солом'янський; вул. Комарова;8;50.44111;30.42839;Найпростіші укриття;Підвал;Житловий будинок;ЖЕД № 904 «КК з ОЖФ Солом’янського району м.Києва»;Комунальна;408-27-37;Відсутній
м.Київ;Солом'янський;вул. Кривоноса 5/1;50.42641764982193;30.474396112166833;Найпростіші укриття;Підвал;Житловий будинок;ЖЕД № 903 КП «КК з ОЖФ Солом’янського району м.Києва»;Комунальна;275-54-21;246-92-45;Відсутній
м.Київ;Солом'янський; вул. Кривоноса;14;50.42293418982539;30.468327042857624;Найпростіші укриття;Підвал;Житловий будинок;ЖЕД № 903 КП «КК з ОЖФ Солом’янського району м.Києва»;Комунальна;275-54-21;Відсутній
м.Київ;Солом'янський; вул. Кривоноса;19;50.42438145032976;30.470969585184964;Найпростіші укриття;Підвал;Житловий будинок;ЖЕД № 903 КП «КК з ОЖФ Солом’янського району м.Києва»;Комунальна;275-54-21;Відсутній
м.Київ;Солом'янський; вул. Кривоноса;21;50.42371457957767;30.470011023548885;Найпростіші укриття;Підвал;Житловий будинок;ЖЕД № 903 КП «КК з ОЖФ Солом’янського району м.Києва»;Комунальна;275-54-21;Відсутній
м.Київ;Солом'янський; вул. Кривоноса;29;50.422969422671855;30.468900898675724;Найпростіші укриття;Підвал;Житловий будинок;ЖЕД № 903 КП «КК з ОЖФ Солом’янського району м.Києва»;Комунальна;275-54-21;Відсутній
м.Київ;Солом'янський; вул. Кривоноса;12;50.42327698240624;30.468172496821143;Найпростіші укриття;Підвал;Гуртожиток;ЖЕД № 903 КП «КК з ОЖФ Солом’янського району м.Києва»;Комунальна;275-54-21;Відсутній
м.Київ;Солом'янський; вул. Кривоноса;12-А;50.42337245036279;30.467838012166702;Найпростіші укриття;Підвал;Гуртожиток;ЖЕД № 903 КП «КК з ОЖФ Солом’янського району м.Києва»;Комунальна;275-54-21;Відсутній
м.Київ;Солом'янський; вул. Кудряшова;14;50.43228137048908;30.48639290053072;Найпростіші укриття;Підвал;Дитячий садочок;Дошкільний навчальний заклад № 624;Комунальна;245-39-69;Відсутній
м.Київ;Солом'янський; вул. Кудряшова;20;50.43015421040646;30.487101425657805;Подвійного призначення;Підвал;Адмін. будівля;ТОВ «Житло Комфорт Сервіс»;Приватна;220-11-58;Відсутній
м.Київ;Солом'янський; вул. Курська;12;50.438407344940366;30.469568141003528;Найпростіші укриття;Підвал;Школа;Гімназія біотехнологій № 177;Комунальна;248-40-89;Відсутній
м.Київ;Солом'янський;вул. Левка Масієвича 21/10;50.42650754953654;30.454408498675924;Найпростіші укриття;Підвал;Житловий будинок;ЖЕД № 902 КП «КК з ОЖФ Солом’янського району м.Києва»;Комунальна;242-00-21;242-12-62;Відсутній
м.Київ;Солом'янський; вул. Левка Масієвича;26;50.427384111866374;30.454320312166832;Найпростіші укриття;Підвал;Житловий будинок;ЖЕД № 902 КП «КК з ОЖФ Солом’янського району м.Києва»;Комунальна;242-00-21;Відсутній
м.Київ;Солом'янський; вул. Левка Маціевича;5;50.42791252302146;30.4601020544942;Найпростіші укриття;Підвал;Дитячий садочок;Дошкільний навчальний заклад № 460;Комунальна;249-46-89;Відсутній
м.Київ;Солом'янський; вул. Левка Мацієвича;50.42740988406205;30.4581121121669;Найпростіші укриття;Підземний перехід з пандусом;Підземний перехід;КП «ШЕУ»;Комунальна;;В наявності;
м.Київ;Солом'янський; вул. Липківського Василя;14/18;50.436898114955746;30.48881691267549;Подвійного призначення;Підвал;Житловий будинок;ЖЕД № 901 КП «КК з ОЖФ Солом’янського району м.Києва»;Комунальна;242-23-53;Відсутній
м.Київ;Солом'янський; вул. Липківського Василя;15;50.4332914939605;30.4849551256579;Найпростіші укриття;Підземний паркінг;Житловий будинок;ЖБК «Комунальник»;Приватна;067-975-5570;Відсутній
м.Київ;Солом'янський; вул. Липківського Василя;16-А;50.43607628551903;30.487911498676237;Подвійного призначення;Підвал;Адмін. будівля;ТОВ «Житлово-будівельна компанія» «Управдом»;Приватна;067-446-9035 дисп.;Відсутній
м.Київ;Солом'янський; вул. Липківського Василя;16-В;50.43457822390846;30.485242583330766;Подвійного призначення;Підвал;Адмін. будівля;ТОВ «Житлово-будівельна компанія» «Управдом»;Приватна;067-446-9035 дисп.;Відсутній
м.Київ;Солом'янський; вул. Липківського Василя;18;50.43416229304913;30.48433085634895;Подвійного призначення;Підвал;Адмін. будівля;ТОВ «Будсервісцентр – комфорт»;Приватна;044- 235-57-06;Відсутній
м.Київ;Солом'янський; вул. Липківського Василя;25;50.43295449949318;30.482245812167097;Подвійного призначення;Підвал;Житловий будинок;ЖЕД № 903 КП «КК з ОЖФ Солом’янського району м.Києва»;Комунальна;275-54-21;Відсутній
м.Київ;Солом'янський; вул. Липківського Василя;28;50.43347999744511;30.480497069839828;Найпростіші укриття;Підземний паркінг;Житловий будинок;ОК «Алтай-житло»;Приватна;066-7262649;Відсутній
м.Київ;Солом'янський; вул. Липківського Василя;40;50.432544798652316;30.473320798676;Подвійного призначення;Підвал;Житловий будинок;ЖЕД № 901 КП «КК з ОЖФ Солом’янського району м.Києва»;Комунальна;242-23-53;Відсутній
м.Київ;Солом'янський; вул. Липківського Василя;41;50.43105656944933;30.475067512166902;Подвійного призначення;Підвал;Житловий будинок;ЖЕД № 903 КП «КК з ОЖФ Солом’янського району м.Києва»;Комунальна;275-54-21;Відсутній
м.Київ;Солом'янський; вул. Липківського Василя;43;50.43089800435727;30.474583469839732;Найпростіші укриття;Підвал;Житловий будинок;ЖЕД № 903 КП «КК з ОЖФ Солом’янського району м.Києва»;Комунальна;275-54-21;Відсутній
м.Київ;Солом'янський; вул. Лисичанська;33;50.41240453136251;30.49616802565727;Найпростіші укриття;Підвал;Житловий будинок;ЖЕД № 903 КП «КК з ОЖФ Солом’янського району м.Києва»;Комунальна;275-54-21;Відсутній
м.Київ;Солом'янський; вул. Лисичанська;35/4;50.41228502056136;30.49671766983908;Найпростіші укриття;Підвал;Житловий будинок;ЖЕД № 903 КП «КК з ОЖФ Солом’янського району м.Києва»;Комунальна;275-54-21;Відсутній
м.Київ;Солом'янський; вул. Мартиросяна;11;50.42889354196015;30.45437436983963;Подвійного призначення;Підвал;Житловий будинок;ЖЕД № 902 КП «КК з ОЖФ Солом’янського району м.Києва»;Комунальна;242-00-21;Відсутній
м.Київ;Солом'янський; вул. Мартиросяна;14;50.42956780896524;30.454507954494147;Подвійного призначення;Підвал;Житловий будинок;ЖЕД № 902 КП «КК з ОЖФ Солом’янського району м.Києва»;Комунальна;242-00-21;Відсутній
м.Київ;Солом'янський; вул. Мартиросяна;16/14;50.43014697246909;30.45411721216699;Подвійного призначення;Підвал;Житловий будинок;ЖЕД № 902 КП «КК з ОЖФ Солом’янського району м.Києва»;Комунальна;242-00-21;Відсутній
м.Київ;Солом'янський; вул. Мартиросяна;17;50.4298762114899;30.452685012166953;Подвійного призначення;Підвал;Житловий будинок;ЖЕД № 902 КП «КК з ОЖФ Солом’янського району м.Києва»;Комунальна;242-00-21;Відсутній
м.Київ;Солом'янський; вул. Мартиросяна;18;50.43024908283316;30.453037554494216;Подвійного призначення;Підвал;Житловий будинок;ЖЕД № 902 КП «КК з ОЖФ Солом’янського району м.Києва»;Комунальна;242-00-21;Відсутній
м.Київ;Солом'янський; вул. Мартиросяна;20;50.43064263640618;30.452167069839685;Найпростіші укриття;Підвал;Житловий будинок;ЖЕД № 902 КП «КК з ОЖФ Солом’янського району м.Києва»;Комунальна;242-00-21;Відсутній
м.Київ;Солом'янський; вул. Мартиросяна;22-А / 24;50.43154466497022;30.450745512166815;Найпростіші укриття;Підвал;Дитячий садочок;Дошкільний навчальний заклад № 373;Комунальна;242-94-80;Відсутній
м.Київ;Солом'янський; вул. Мартиросяна;26;50.43178803276894;30.448398283330665;Найпростіші укриття;Підвал;Житловий будинок;ЖЕД № 902 КП «КК з ОЖФ Солом’янського району м.Києва»;Комунальна;242-00-21;Відсутній
м.Київ;Солом'янський; вул. Машинобудівна;21-Б;50.44758;30.43458;Найпростіші укриття;Підвал;Житловий будинок;ЖЕД № 906 «КК з ОЖФ Солом’янського району м.Києва;Комунальна;453-18-25;Відсутній
м.Київ;Солом'янський; вул. Машинобудівна;24;50.44779;30.43621;Найпростіші укриття;Підвал;Житловий будинок;ЖЕД № 906 «КК з ОЖФ Солом’янського району м.Києва;Комунальна;453-18-25;Відсутній
м.Київ;Солом'янський; вул. Машинобудівна;34;50.44862;30.43155;Подвійного призначення;Підвал;Житловий будинок;ЖЕД № 904 «КК з ОЖФ Солом’янського району м.Києва»;Комунальна;408-27-37;Відсутній
м.Київ;Солом'янський; вул. Машинобудівна;48;50.45067054127768;30.420404440026612;Найпростіші укриття;Підвал;Учбовий к.;Вище професійне училище Національного авіаційного університету;Інша;249-85-97;Відсутній
м.Київ;Солом'янський; вул. Металістів;12;50.44951;30.44832;Найпростіші укриття;Підвал;Житловий будинок;ЖЕД № 906 «КК з ОЖФ Солом’янського району м.Києва;Комунальна;453-18-25;Відсутній
м.Київ;Солом'янський; вул. Металістів;12-Б;50.44989;30.44807;Найпростіші укриття;Підвал;Житловий будинок;ЖЕД № 906 «КК з ОЖФ Солом’янського району м.Києва;Комунальна;453-18-25;Відсутній
м.Київ;Солом'янський; вул. Металістів;12-В;50.44982;30.44860;Найпростіші укриття;Підвал;Житловий будинок;ЖЕД № 906 «КК з ОЖФ Солом’янського району м.Києва;Комунальна;453-18-25;Відсутній
м.Київ;Солом'янський; вул. Металістів;13;50.44910;30.44650;Подвійного призначення;Підвал;Житловий будинок;ЖЕД № 906 «КК з ОЖФ Солом’янського району м.Києва;Комунальна;453-18-25;Відсутній
м.Київ;Солом'янський; вул. Металістів;3;50.448662747361624;30.45189346984028;Найпростіші укриття;Підвал;Гуртожиток;НТУУ КПІ;Інша;236-69-13;Відсутній
м.Київ;Солом'янський; вул. Металістів;4;50.448999978105505;30.451960312167444;Найпростіші укриття;Підвал;Гуртожиток;НТУУ КПІ;Інша;236-69-13;Відсутній
м.Київ;Солом'янський; вул. Металістів;5;50.44874201072929;30.451006954494737;Найпростіші укриття;Підвал;Гуртожиток;НТУУ КПІ;Інша;236-69-13;Відсутній
м.Київ;Солом'янський; вул. Металістів;6;50.4494132963785;30.45147761216758;Найпростіші укриття;Підвал;Гуртожиток;НТУУ КПІ;Інша;236-69-13;Відсутній
м.Київ;Солом'янський; вул. Металістів;7;50.448939610073204;30.450057069840195;Найпростіші укриття;Підвал;Гуртожиток;НТУУ КПІ;Інша;236-69-13;Відсутній
м.Київ;Солом'янський; вул. Металістів;8;50.449295118559476;30.450202912167477;Найпростіші укриття;Підвал;Гуртожиток;НТУУ КПІ;Інша;236-69-13;Відсутній
м.Київ;Солом'янський; вул. Метробудівська;11;50.43998;30.41356;Подвійного призначення;Підвал;Житловий будинок;ЖЕД № 904 «КК з ОЖФ Солом’янського району м.Києва»;Комунальна;408-27-37;Відсутній
м.Київ;Солом'янський; вул. Метробудівська;12;50.44005;30.41241;Подвійного призначення;Підвал;Житловий будинок;ЖЕД № 904 «КК з ОЖФ Солом’янського району м.Києва»;Комунальна;408-27-37;Відсутній
м.Київ;Солом'янський; вул. Метробудівська;3;50.44341;30.41158;Найпростіші укриття;Підвал;Житловий будинок;ЖЕД № 904 «КК з ОЖФ Солом’янського району м.Києва»;Комунальна;408-27-37;Відсутній
м.Київ;Солом'янський; вул. Метробудівська;5;50.44309;30.41182;Найпростіші укриття;Підвал;Житловий будинок;ЖЕД № 904 «КК з ОЖФ Солом’янського району м.Києва»;Комунальна;408-27-37;Відсутній
м.Київ;Солом'янський; вул. Метробудівська;5-А;50.442537896737214;30.412003867010245;Найпростіші укриття;Підвал;Учбовий к.;Коледж інженерії та управління НАУ;Інша;456-13-09;Відсутній
м.Київ;Солом'янський; вул. Метробудівська;7;50.44138;30.41238;Найпростіші укриття;Підвал;Житловий будинок;ЖЕД № 904 «КК з ОЖФ Солом’янського району м.Києва»;Комунальна;408-27-37;Відсутній
м.Київ;Солом'янський; вул. Миколи Амосова;5;50.422780690268574;30.503676898675767;Найпростіші укриття;Підвал;Лікарня;ДУ «Інститут епідеміології та інфекційних хвороб ім. Л.В. Громашевського» АМН України;Інша;275-37-11;Відсутній
м.Київ;Солом'янський; вул. Міцкевича;5;50.438008046370484;30.454683184861107;Найпростіші укриття;Підвал;Житловий будинок;ЖЕД № 901 КП «КК з ОЖФ Солом’янського району м.Києва»;Комунальна;242-23-53;Відсутній
м.Київ;Солом'янський; вул. Міцкевича;6;50.43760164382 30.454871524125;Найпростіші укриття;Підвал;Житловий будинок;ЖЕД № 901 КП «КК з ОЖФ Солом’янського району м.Києва»;Комунальна;242-23-53;242-42-09;Відсутній
м.Київ;Солом'янський; вул. Міцкевича;9;50.438081072371 30.456344895065;Найпростіші укриття;Підвал;Житловий будинок;ЖЕД № 901 КП «КК з ОЖФ Солом’янського району м.Києва»;Комунальна;242-23-53;242-42-09;Відсутній
м.Київ;Солом'янський; вул. Монтажників;1;50.41101159873486;30.505110125657207;Найпростіші укриття;Підвал;Житловий будинок;ЖЕД № 903 КП «КК з ОЖФ Солом’янського району м.Києва»;Комунальна;275-54-21;Відсутній
м.Київ;Солом'янський; вул. Монтажників;103;50.41268795640527;30.496138527511878;Найпростіші укриття;Підвал;Житловий будинок;ЖЕД № 903 КП «КК з ОЖФ Солом’янського району м.Києва»;Комунальна;275-54-21;Відсутній
м.Київ;Солом'янський; вул. Монтажників;13;50.4113263837715;30.50357906983911;Найпростіші укриття;Підвал;Житловий будинок;ЖЕД № 903 КП «КК з ОЖФ Солом’янського району м.Києва»;Комунальна;275-54-21;Відсутній
м.Київ;Солом'янський; вул. Монтажників;44;50.41270203037503;30.50044222751183;Найпростіші укриття;Підвал;Житловий будинок;ЖЕД № 903 КП «КК з ОЖФ Солом’янського району м.Києва»;Комунальна;275-54-21;Відсутній
м.Київ;Солом'янський; вул. Монтажників;53;50.41163733390873;30.50127842751188;Найпростіші укриття;Підвал;Житловий будинок;ЖЕД № 903 КП «КК з ОЖФ Солом’янського району м.Києва»;Комунальна;275-54-21;Відсутній
м.Київ;Солом'янський; вул. Мстислава Скрипника;11;50.435375220180646;30.48544786983989;Найпростіші укриття;Підземний паркінг;Житловий будинок;ОСББ «Гідроприлад-76»;Приватна;044-245-21-33;Відсутній
м.Київ;Солом'янський; вул. Мстислава Скрипника;13;50.43496505372741;30.484654141003357;Найпростіші укриття;Підземний паркінг;Житловий будинок;ЖБК «Поштовик»;Приватна;044-249-50-81;Відсутній
м.Київ;Солом'янський; вул. Мстислава Скрипника;9;50.43580872000079;30.48616294100344;Найпростіші укриття;Підземний паркінг;Житловий будинок;ЖБК «Концертний»;Приватна;044-245-19-02;Відсутній
м.Київ;Солом'янський; вул. Народного Ополчення;2;50.42085513165455;30.45666848333022;Найпростіші укриття;Підвал;Житловий будинок;ЖЕД № 902 КП «КК з ОЖФ Солом’янського району м.Києва»;Комунальна;242-00-21;Відсутній
м.Київ;Солом'янський; вул. Народного Ополчення;5;50.42175;30.45881;Найпростіші укриття;Підвал;Лікарня;ДУ «Нац.науковий центр «Інститут кардіології імені академіка М.Д.Стражеска» АМН України;Інша;275-66-22;Відсутній
м.Київ;Солом'янський; вул. Народного Ополчення;9;50.41758253267429;30.45731601216653;Найпростіші укриття;Підвал;Дитячий садочок;Дошкільний навчальний заклад № 146;Комунальна;249-07-57;Відсутній
м.Київ;Солом'янський; вул. Ніжинська;12;50.440373138517906;30.435061427512707;Найпростіші укриття;Підвал;Гуртожиток;Національний авіаційний університет;Інша;044-457-77-55;Відсутній
м.Київ;Солом'янський; вул. Ніжинська;18;50.43800;30.43586;Найпростіші укриття;Підвал;Житловий будинок;ЖЕД № 906 «КК з ОЖФ Солом’янського району м.Києва;Комунальна;453-18-25;Відсутній
м.Київ;Солом'янський; вул. Ніжинська;20;50.43776;30.43542;Найпростіші укриття;Підвал;Житловий будинок;ЖЕД № 906 «КК з ОЖФ Солом’янського району м.Києва;Комунальна;453-18-25;Відсутній
м.Київ;Солом'янський; вул. Ніжинська;29-Б;50.43847907823527;30.438209385185523;Найпростіші укриття;Підвал;Гуртожиток;Національний авіаційний університет;Інша;044-457-77-55;Відсутній
м.Київ;Солом'янський; вул. Новгородська;3;50.4263522149941;30.44678359867591;Найпростіші укриття;Підвал;Житловий будинок;ЖЕД № 902 КП «КК з ОЖФ Солом’янського району м.Києва»;Комунальна;242-00-21;Відсутній
м.Київ;Солом'янський; вул. Новгородська;4;50.42667537406809;30.447272783330376;Найпростіші укриття;Підвал;Житловий будинок;ЖЕД № 902 КП «КК з ОЖФ Солом’янського району м.Києва»;Комунальна;242-00-21;Відсутній
м.Київ;Солом'янський; вул. Новгородська;6;50.42704042254119;30.446484914021426;Найпростіші укриття;Підвал;Житловий будинок;ЖЕД № 902 КП «КК з ОЖФ Солом’янського району м.Києва»;Комунальна;242-00-21;Відсутній
м.Київ;Солом'янський; вул. Озерна;9;50.420975502914224;30.47355221216661;Найпростіші укриття;Підвал;Житловий будинок;ЖЕД № 903 КП «КК з ОЖФ Солом’янського району м.Києва»;Комунальна;275-54-21;Відсутній
м.Київ;Солом'янський; вул. Олексіївська;4;50.42455762632047;30.475448498675913;Найпростіші укриття;Підвал;Житловий будинок;ЖЕД № 903 КП «КК з ОЖФ Солом’янського району м.Києва»;Комунальна;275-54-21;Відсутній
м.Київ;Солом'янський; вул. Освіти;14-А;50.42445486198891;30.46649054100319;Подвійного призначення;Підвал;Адмін. будівля;ТОВ «Перший Український експертний центр»;Приватна;044-220-06-13(ОДС);Відсутній
м.Київ;Солом'янський; вул. Освіти;18-А;50.4239106285614;30.46751756983946;Найпростіші укриття;Підвал;Дитячий садочок;Дошкільний навчальний заклад № 55;Комунальна;243-75-05;Відсутній
м.Київ;Солом'янський; вул. Освіти;3-А;50.425371158682694;30.46696859867579;Подвійного призначення;Підвал;Адмін. будівля;ТОВ «Житлосервіс Плюс»;Приватна;451-43-26;Відсутній
м.Київ;Солом'янський; вул. Освіти;7;50.42416332162832;30.46923398333032;Найпростіші укриття;Підвал;Гуртожиток;Київський національний університет будівництва і архітектури;Інша;044-275-16-02;Відсутній
м.Київ;Солом'янський; вул. Очаківська;11;50.428784542306424;30.451461627512444;Подвійного призначення;Підвал;Житловий будинок;ЖЕД № 902 КП «КК з ОЖФ Солом’янського району м.Києва»;Комунальна;242-00-21;Відсутній
м.Київ;Солом'янський; вул. Очаківська;9;50.42864434275143;30.451891485185186;Подвійного призначення;Підвал;Житловий будинок;ЖЕД № 902 КП «КК з ОЖФ Солом’янського району м.Києва»;Комунальна;242-00-21;Відсутній
м.Київ;Солом'янський; вул. Патріарха Мстислава Скрипника;48-А;50.434120862789015;30.47943635634902;Подвійного призначення;Підвал;Адмін. будівля;ТОВ «Форвард Київ-Сервіс»;Приватна;067-242-1459;Відсутній
м.Київ;Солом'янський;вул. Патріарха Скрипника 7;50.4360875856144 30.4869223207569;Найпростіші укриття;Підвал;Житловий будинок;ЖЕД № 901 КП «КК з ОЖФ Солом’янського району м.Києва»;Комунальна;242-23-53;242-42-09;Відсутній;
м.Київ;Солом'янський; вул. Патріарха Скрипника;40-А;50.435046556202906;30.481513040679165;Найпростіші укриття;Підвал;Житловий будинок;ЖЕД № 901 КП «КК з ОЖФ Солом’янського району м.Києва»;Комунальна;242-23-53;Відсутній
м.Київ;Солом'янський; вул. Петровського;1;50.43630245284056;30.454214541003513;Найпростіші укриття;Підвал;Школа;Спеціалізована школа № 149 м. Києва;Комунальна;242-50-67;Відсутній
м.Київ;Солом'янський; вул. Пітерська;50.435439752981566;30.4530156718869;Найпростіші укриття;Підземний перехід з пандусом;Підземний перехід;КП «ШЕУ»;Комунальна;;В наявності;
м.Київ;Солом'янський; вул. Пітерська;6;50.4341544207734 30.4560500945367;Найпростіші укриття;Підвал;Житловий будинок;ЖЕД № 901 КП «КК з ОЖФ Солом’янського району м.Києва»;Комунальна;242-23-53;242-42-09;Відсутній
м.Київ;Солом'янський; вул. Пітерська;7;50.43554358713371;30.457584667660836;Найпростіші укриття;Підвал;Житловий будинок;ЖЕД № 901 КП «КК з ОЖФ Солом’янського району м.Києва»;Комунальна;242-23-53;Відсутній
м.Київ;Солом'янський; вул. Політехнічна;12;50.447714022443606;30.4585397418785;Найпростіші укриття;Підвал;Гуртожиток;НТУУ КПІ;Інша;236-69-13;Відсутній
м.Київ;Солом'янський; вул. Політехнічна;14-В;50.44789926897628;30.457271967010524;Найпростіші укриття;Підвал;Гуртожиток;НТУУ КПІ;Інша;236-69-13;Відсутній
м.Київ;Солом'янський; вул. Політехнічна;37;50.44681298881224;30.459262126534473;Найпростіші укриття;Підвал;Гуртожиток;НТУУ КПІ;Інша;236-69-13;Відсутній
м.Київ;Солом'янський; вул. Політехнічна;39;50.44738758323031;30.459213241878494;Найпростіші укриття;Підвал;Гуртожиток;НТУУ КПІ;Інша;236-69-13;Відсутній
м.Київ;Солом'янський; вул. Політехнічна;41;50.44743391507657;30.45932357071453;Найпростіші укриття;Підвал;Гуртожиток;НТУУ КПІ;Інша;236-69-13;Відсутній
м.Київ;Солом'янський; вул. полковника Шутова;13;50.45041127362621;30.42759669769857;Найпростіші укриття;Підвал;Гуртожиток;"ДНЗ ""Центр професійної освіти інформаційних технологій поліграції та дизайну міста Києва""";Інша;242-00-62;Відсутній
м.Київ;Солом'янський; вул. Преображенська;17;50.42449659714571;30.47437714100313;Найпростіші укриття;Підвал;Школа;Спеціалізована школа № 43 з поглибленим вивченням предметів суспільно – гуман. циклу «Грааль»;Комунальна;275-55-74;Відсутній
м.Київ;Солом'янський; вул. Преображенська;2;50.426808124140635;30.46808254002557;Найпростіші укриття;Підвал;Учбовий к.;Київський національний університет будівництва і архітектури;Інша;275-16-02;Відсутній
м.Київ;Солом'янський; вул. Преображенська;6;50.42487768421918;30.471882811189598;Найпростіші укриття;Підвал;Учбовий к.;Київський національний університет будівництва і архітектури;Інша;275-16-02;Відсутній
м.Київ;Солом'янський; вул. Протасів яр;8;50.42723770759231;30.499732127512388;Подвійного призначення;Підвал;Адмін. будівля;ТОВ «Житло- сервіс»;Приватна;044-528-71-58;Відсутній
м.Київ;Солом'янський; вул. Пулюя;1;50.41787691319928;30.4662340275121;Найпростіші укриття;Підвал;Житловий будинок;ЖЕД № 902 КП «КК з ОЖФ Солом’янського району м.Києва»;Комунальна;242-00-21;Відсутній
м.Київ;Солом'янський; вул. Пулюя;3;50.41778814094941;30.464219312166588;Найпростіші укриття;Підвал;Житловий будинок;ЖЕД № 902 КП «КК з ОЖФ Солом’янського району м.Києва»;Комунальна;242-00-21;Відсутній
м.Київ;Солом'янський; вул. Пулюя;3-А;50.41625805506709;30.467209742857523;Найпростіші укриття;Підвал;Школа;Спеціалізована школа-дитячий садок І ступеня «Золотий ключик»;Комунальна;246-19-57;Відсутній
м.Київ;Солом'янський; вул. Пулюя;5-А;50.41545012125421;30.466125912166532;Найпростіші укриття;Підвал;Житловий будинок;ЖЕД № 902 КП «КК з ОЖФ Солом’янського району м.Києва»;Комунальна;242-00-21;Відсутній
м.Київ;Солом'янський; вул. Світличного Івана;2;50.43583416734652;30.455420845528163;Подвійного призначення;Підвал;Житловий будинок;ЖЕД № 901 КП «КК з ОЖФ Солом’янського району м.Києва»;Комунальна;242-23-53;Відсутній
м.Київ;Солом'янський; вул. Світличного Івана;4;50.435964527501675;30.45511344792794;Подвійного призначення;Підвал;Житловий будинок;ЖЕД № 901 КП «КК з ОЖФ Солом’янського району м.Києва»;Комунальна;242-23-53;Відсутній
м.Київ;Солом'янський; вул. Світличного Івана;4-А;50.435964527501675;30.45511344792794;Найпростіші укриття;Підвал;Житловий будинок;ЖЕД № 901 КП «КК з ОЖФ Солом’янського району м.Києва»;Комунальна;242-23-53;Відсутній
м.Київ;Солом'янський; вул. Світличного Івана;6;50.43733754555329;30.454476707926943;Подвійного призначення;Підвал;Житловий будинок;ЖЕД № 901 КП «КК з ОЖФ Солом’янського району м.Києва»;Комунальна;242-23-53;Відсутній
м.Київ;Солом'янський; вул. Сім’ї Ідзіковських;17;50.424932406998664;30.453379241003223;Найпростіші укриття;Підвал;Житловий будинок;ЖЕД № 902 КП «КК з ОЖФ Солом’янського району м.Києва»;Комунальна;242-00-21;Відсутній
м.Київ;Солом'янський; вул. Сім’ї Ідзіковських;2;50.42453916168472;30.45576452565767;Подвійного призначення;Підвал;Житловий будинок;ЖЕД № 902 КП «КК з ОЖФ Солом’янського району м.Києва»;Комунальна;242-00-21;Відсутній
м.Київ;Солом'янський; вул. Смілянська;7;50.42282053233735;30.450910027512286;Подвійного призначення;Підвал;Житловий будинок;ЖЕД № 902 КП «КК з ОЖФ Солом’янського району м.Києва»;Комунальна;242-00-21;Відсутній
м.Київ;Солом'янський; вул. Смілянська;8;50.42280483239173;30.452600327512233;Найпростіші укриття;Підвал;Житловий будинок;ЖЕД № 902 КП «КК з ОЖФ Солом’янського району м.Києва»;Комунальна;242-00-21;Відсутній
м.Київ;Солом'янський; вул. Смілянська;9;50.4231968890672;30.44954581216685;Найпростіші укриття;Підвал;Житловий будинок;ЖЕД № 902 КП «КК з ОЖФ Солом’янського району м.Києва»;Комунальна;242-00-21;Відсутній
м.Київ;Солом'янський; вул. Смоленська;;50.45181642604026;30.44494352709251;Найпростіші укриття;Підземний перехід з пандусом;Підземний перехід;КП «ШЕУ»;Комунальна;;В наявності
м.Київ;Солом'янський; вул. Смоленська;4-А;50.45076473552595;30.452112656349353;Найпростіші укриття;Підвал;Дитячий садочок;Дошкільний навчальний заклад № 397;Комунальна;456-04-98;Відсутній
м.Київ;Солом'янський; вул. Смоленська;4;50.450966640376365;30.451132314022217;Найпростіші укриття;Підвал;Школа;Середня загальноосвітня школа № 74;Комунальна;456-04-72;Відсутній
м.Київ;Солом'янський; вул. Смоленська;8;50.45115450521931;30.44836415449477;Найпростіші укриття;Підвал;Лікарня;Київський міський психоневрологічний диспансер № 5;Комунальна;456-02-76;Відсутній
м.Київ;Солом'янський; вул. Солом’янська;10;50.425862321801034;30.476288312166695;Найпростіші укриття;Підземний паркінг;Житловий будинок;ЖБК «Будівельник-2»;Приватна;044-275-29-33;Відсутній
м.Київ;Солом'янський; вул. Солом’янська;17;50.424401356224074;30.482362356348695;Найпростіші укриття;Підвал;Адмін. будівля;Комунальне неприбуткове підприємство (КНП) «Центр первинної медико-санітарної допомоги № 2 Солом’янського району м. Києва»;Комунальна;249-78-58;Відсутній
м.Київ;Солом'янський; вул. Солом’янська;38;50.419876534620336;30.489626741002954;Найпростіші укриття;Підвал;Житловий будинок;ЖЕД № 903 КП «КК з ОЖФ Солом’янського району м.Києва»;Комунальна;275-54-21;Відсутній
м.Київ;Солом'янський; вул. Солом’янська;4/2;50.42773678837773;30.474951680884985;Найпростіші укриття;Підвал;Житловий будинок;ЖЕД № 903 КП «КК з ОЖФ Солом’янського району м.Києва»;Комунальна;275-54-21;Відсутній
м.Київ;Солом'янський; вул. Солом’янська;41;50.421222430541576;30.49119141216665;Найпростіші укриття;Підвал;Житловий будинок;ЖЕД № 903 КП «КК з ОЖФ Солом’янського району м.Києва»;Комунальна;275-54-21;Відсутній
м.Київ;Солом'янський; вул. Соломянська;14;50.425320018122505;30.477568098675885;Найпростіші укриття;Підвал;Житловий будинок;ЖЕД № 903 КП «КК з ОЖФ Солом’янського району м.Києва»;Комунальна;275-54-21;Відсутній
м.Київ;Солом'янський; вул. Стадіонна;16/6;50.434704925002116;30.483259485185226;Найпростіші укриття;Підвал;Житловий будинок;ЖЕД № 901 КП «КК з ОЖФ Солом’янського району м.Києва»;Комунальна;242-23-53;Відсутній
м.Київ;Солом'янський; вул. Стадіонна;6-А;50.43644635230025;30.482788154494315;Найпростіші укриття;Підвал;Адмін. будівля;ВП « Київське територіальне управління» Філії «БМЕС» ПАТ «Укрзалізниця»;Приватна;(04342) 5-32-65;Відсутній
м.Київ;Солом'янський; вул. Сурікова;5А;50.43372326059624;30.474403869839772;Найпростіші укриття;Підвал;Житловий будинок;ЖЕД № 901 КП «КК з ОЖФ Солом’янського району м.Києва»;Комунальна;242-23-53;Відсутній
м.Київ;Солом'янський; вул. Тихого Олекси;1;50.44850803125574;30.443703315345502;Найпростіші укриття;Підвал;Гуртожиток;НТУУ КПІ;Інша;236-69-13;Відсутній
м.Київ;Солом'янський; вул. Тихого Олекси;12;50.44752;30.45036;Найпростіші укриття;Підвал;Житловий будинок;ЖЕД № 906 «КК з ОЖФ Солом’янського району м.Києва;Комунальна;453-18-25;Відсутній
м.Київ;Солом'янський; вул. Тихого Олекси;21-А;50.44806394060052;30.443671127513014;Найпростіші укриття;Підвал;Дитячий садочок;Дошкільний навчальний заклад № 677;Комунальна;457-60-78;Відсутній
м.Київ;Солом'янський; вул. Тихого Олекси;25;50.44757;30.44603;Найпростіші укриття;Підвал;Житловий будинок;ЖЕД № 906 «КК з ОЖФ Солом’янського району м.Києва;Комунальна;453-18-25;Відсутній
м.Київ;Солом'янський; вул. Тихого Олекси;28;50.44841;30.44613;Найпростіші укриття;Підвал;Житловий будинок;ЖЕД № 906 «КК з ОЖФ Солом’янського району м.Києва;Комунальна;453-18-25;Відсутній
м.Київ;Солом'янський; вул. Тихого Олекси;3;50.447353415340345;30.44939789867655;Найпростіші укриття;Підвал;Гуртожиток;НТУУ КПІ;Інша;236-69-13;Відсутній
м.Київ;Солом'янський; вул. Тихого Олекси;38/19;50.44860;30.44384;Подвійного призначення;Підвал;Житловий будинок;ЖЕД № 906 «КК з ОЖФ Солом’янського району м.Києва;Комунальна;453-18-25;Відсутній
м.Київ;Солом'янський; вул. Тихого Олекси;40/16;50.44878;30.44323;Подвійного призначення;Підвал;Житловий будинок;ЖЕД № 906 «КК з ОЖФ Солом’янського району м.Києва;Комунальна;453-18-25;Відсутній
м.Київ;Солом'янський; вул. Тихого Олекси;41;50.44741;30.44425;Найпростіші укриття;Підвал;Житловий будинок;ЖЕД № 906 «КК з ОЖФ Солом’янського району м.Києва;Комунальна;453-18-25;Відсутній
м.Київ;Солом'янський; вул. Тихого Олекси;41/23;50.44801;30.44412;Найпростіші укриття;Підвал;Житловий будинок;ЖЕД № 906 «КК з ОЖФ Солом’янського району м.Києва;Комунальна;453-18-25;Відсутній
м.Київ;Солом'янський; вул. Тихого Олекси;49;50.44831;30.44254;Подвійного призначення;Підвал;Житловий будинок;ЖЕД № 906 «КК з ОЖФ Солом’янського району м.Києва;Комунальна;453-18-25;Відсутній
м.Київ;Солом'янський; вул. Тихого Олекси;49-А;50.44830;30.44233;Подвійного призначення;Підвал;Житловий будинок;ЖЕД № 906 «КК з ОЖФ Солом’янського району м.Києва;Комунальна;453-18-25;Відсутній
м.Київ;Солом'янський; вул. Тихого Олекси;59/67;50.44911;30.43765;Найпростіші укриття;Підвал;Житловий будинок;ЖЕД № 906 «КК з ОЖФ Солом’янського району м.Києва;Комунальна;453-18-25;Відсутній
м.Київ;Солом'янський; вул. Тихого Олекси;59-А;50.44854;30.43772;Найпростіші укриття;Підвал;Житловий будинок;ЖЕД № 906 «КК з ОЖФ Солом’янського району м.Києва;Комунальна;453-18-25;Відсутній
м.Київ;Солом'янський; вул. Тихого Олекси;80/17;50.45000;30.43493;Найпростіші укриття;Підвал;Житловий будинок;ЖЕД № 906 «КК з ОЖФ Солом’янського району м.Києва;Комунальна;453-18-25;Відсутній
м.Київ;Солом'янський; вул. Тупікова;12;50.44533068355687;30.436815756349233;Найпростіші укриття;Підвал;Школа;Спеціалізована школа-дитячий садок І ступеня «Сяйво»;Комунальна;457-66-06;Відсутній
м.Київ;Солом'янський; вул. Тупікова;16;50.44380;30.43871;Подвійного призначення;Підвал;Житловий будинок;ЖЕД № 906 «КК з ОЖФ Солом’янського району м.Києва;Комунальна;453-18-25;Відсутній
м.Київ;Солом'янський; вул. Тупікова;3/1;50.44604;30.43418;Подвійного призначення;Підвал;Житловий будинок;ЖЕД № 906 «КК з ОЖФ Солом’янського району м.Києва;Комунальна;453-18-25;Відсутній
м.Київ;Солом'янський; вул. Тупікова;4;50.44628;30.43502;Подвійного призначення;Підвал;Житловий будинок;ЖЕД № 906 «КК з ОЖФ Солом’янського району м.Києва;Комунальна;453-18-25;Відсутній
м.Київ;Солом'янський; вул. Тупікова;5/1;50.44581;30.43546;Подвійного призначення;Підвал;Житловий будинок;ЖЕД № 906 «КК з ОЖФ Солом’янського району м.Києва;Комунальна;453-18-25;Відсутній
м.Київ;Солом'янський; вул. Уманська;29 к.1;50.44033010851549;30.46198207658551;Подвійного призначення;Підвал;Житловий будинок;ЖЕД № 901 КП «КК з ОЖФ Солом’янського району м.Києва»;Комунальна;242-23-53;Відсутній
м.Київ;Солом'янський; вул. Уманська;33;50.44006430566096;30.460153756349126;Найпростіші укриття;Підвал;Школа;Технічний ліцей НТУУ «Київський політехнічний інститут» (ТЛ КПІ);Комунальна;243-25-22;Відсутній
м.Київ;Солом'янський; вул. Уманська;47;50.4391381758104;30.45503128333092;Подвійного призначення;Підвал;Житловий будинок;ЖЕД № 901 КП «КК з ОЖФ Солом’янського району м.Києва»;Комунальна;242-23-53;Відсутній
м.Київ;Солом'янський; вул. Уманська;25 к.1;50.43994293841685;30.463251754494472;Найпростіші укриття;Підвал;Житловий будинок;ЖЕД № 901 КП «КК з ОЖФ Солом’янського району м.Києва»;Комунальна;242-23-53;Відсутній
м.Київ;Солом'янський; вул. Ушинського;11;50.43383632626443;30.449367627512547;Найпростіші укриття;Підвал;Житловий будинок;ЖЕД № 902 КП «КК з ОЖФ Солом’янського району м.Києва»;Комунальна;242-00-21;Відсутній
м.Київ;Солом'янський; вул. Ушинського;14-Б;50.43335276391073;30.448393883330624;Подвійного призначення;Підвал;Адмін. будівля;ТОВ «Перший Український експертний центр»;Приватна;044-359-10-51(ОДС);Відсутній
м.Київ;Солом'янський; вул. Ушинського;15;50.4305335089282;30.447305654494198;Найпростіші укриття;Підвал;Школа;Спеціальна загальноосвітня школа-інтернат № 17;Комунальна;242-09-96;Відсутній
м.Київ;Солом'янський; вул. Ушинського;17;50.42866870797287;30.445596156348802;Найпростіші укриття;Підвал;Житловий будинок;ЖЕД № 902 КП «КК з ОЖФ Солом’янського району м.Києва»;Комунальна;242-00-21;Відсутній
м.Київ;Солом'янський; вул. Ушинського;29;50.42385531637942;30.442308869839533;Найпростіші укриття;Підвал;Житловий будинок;ЖЕД № 902 КП «КК з ОЖФ Солом’янського району м.Києва»;Комунальна;242-00-21;Відсутній
м.Київ;Солом'янський; вул. Ушинського;3;50.43566885413693;30.450605654169994;Подвійного призначення;Підвал;Житловий будинок;ЖЕД № 902 КП «КК з ОЖФ Солом’янського району м.Києва»;Комунальна;242-00-21;Відсутній
м.Київ;Солом'янський; вул. Ушинського;3-А;50.43571895397046;30.451542941003396;Найпростіші укриття;Підвал;Дитячий садочок;Дошкільний навчальний заклад № 374;Комунальна;243-29-37;Відсутній
м.Київ;Солом'янський; вул. Ушинського;30/1;50.42854914305372;30.44481765449414;Найпростіші укриття;Підвал;Житловий будинок;ЖЕД № 902 КП «КК з ОЖФ Солом’янського району м.Києва»;Комунальна;242-00-21;Відсутній
м.Київ;Солом'янський; вул. Ушинського;30-А;50.428600873468255;30.443974454494136;Найпростіші укриття;Підвал;Житловий будинок;ЖЕД № 902 КП «КК з ОЖФ Солом’янського району м.Києва»;Комунальна;242-00-21;Відсутній
м.Київ;Солом'янський; вул. Ушинського;32;50.427075517598745;30.443234069839544;Найпростіші укриття;Підвал;Школа;Спеціалізована школа № 64;Комунальна;0243-06-21;Відсутній
м.Київ;Солом'янський; вул. Фучика;11;50.44065110462236;30.470045296821596;Найпростіші укриття;Підвал;Дитячий садочок;Дошкільний навчальний заклад № 648;Комунальна;248-39-18;Відсутній
м.Київ;Солом'янський; вул. Фучика;17;50.441656734256036;30.468906727512763;Найпростіші укриття;Підвал;Житловий будинок;ЖЕД № 901 КП «КК з ОЖФ Солом’янського району м.Києва»;Комунальна;242-23-53;Відсутній
м.Київ;Солом'янський; вул. Фучика;9;50.44007897255079;30.471444469839994;Подвійного призначення;Підвал;Житловий будинок;ЖЕД № 901 КП «КК з ОЖФ Солом’янського району м.Києва»;Комунальна;242-23-53;Відсутній
м.Київ;Солом'янський; вул. Чумака Василя;4;50.44158;30.41360;Подвійного призначення;Підвал;Житловий будинок;ЖЕД № 904 «КК з ОЖФ Солом’янського району м.Києва»;Комунальна;408-27-37;Відсутній
м.Київ;Солом'янський; вул. Чумака Василя;5;50.44080;30.41463;Подвійного призначення;Підвал;Житловий будинок;ЖЕД № 904 «КК з ОЖФ Солом’янського району м.Києва»;Комунальна;408-27-37;Відсутній
м.Київ;Солом'янський; вул. Чумака Василя;6;50.44146;30.41297;Подвійного призначення;Підвал;Житловий будинок;ЖЕД № 904 «КК з ОЖФ Солом’янського району м.Києва»;Комунальна;408-27-37;Відсутній
м.Київ;Солом'янський; вул. Шаповала Максима;2-А;50.4299337351038;30.484396614021538;Подвійного призначення;Підвал;Адмін. будівля;ТОВ «Житло Комфорт Сервіс»;Приватна;220-11-58;Відсутній
м.Київ;Солом'янський; вул. Шаповала Максима;20;50.428458508610035;30.47791524285796;Подвійного призначення;Підвал;Адмін. будівля;ТОВ «ПБК Будбізнес»;Приватна;;Відсутній
м.Київ;Солом'янський; вул. Шепелєва;18;50.41908;30.43547;Подвійного призначення;Підвал;Житловий будинок;ЖЕД № 905 «КК з ОЖФ Солом’янського району м.Києва;Комунальна;408-72-36;Відсутній
м.Київ;Солом'янський; вул. Янгеля;50.45322277122546;30.452815642858564;Найпростіші укриття;Підземний перехід з пандусом;Підземний перехід;КП «ШЕУ»;Комунальна;;В наявності;
м.Київ;Солом'янський; вул. Янгеля;1/37к;к.8;50.45216760543055;30.453299353518677;Найпростіші укриття;Підвал;Гуртожиток;НТУУ КПІ;Інша;Відсутній
м.Київ;Солом'янський; вул. Янгеля;12/2;50.45050073644065;30.452675841003916;Найпростіші укриття;Підвал;Школа;Спеціальна загальноосвітня школа-інтернат № 2;Комунальна;456-13-09;Відсутній
м.Київ;Солом'янський; вул. Янгеля;14/1;50.44943;30.45285;Найпростіші укриття;Підвал;Житловий будинок;ЖЕД № 906 «КК з ОЖФ Солом’янського району м.Києва;Комунальна;453-18-25;Відсутній
м.Київ;Солом'янський; вул. Янгеля;16/2;50.44937744033295;30.452592527513037;Найпростіші укриття;Підвал;Гуртожиток;НТУУ КПІ;Інша;236-69-13;Відсутній
м.Київ;Солом'янський; вул. Янгеля;18/1;50.448408143691715;30.452679654494748;Найпростіші укриття;Підвал;Гуртожиток;НТУУ КПІ;Інша;236-69-13;Відсутній
м.Київ;Солом'янський; вул. Янгеля;2;50.45179;30.45256;Найпростіші укриття;Підвал;Житловий будинок;ЖЕД № 906 «КК з ОЖФ Солом’янського району м.Києва;Комунальна;453-18-25;Відсутній
м.Київ;Солом'янський; вул. Янгеля;20;50.44806011299364;30.451524625658248;Найпростіші укриття;Підвал;Гуртожиток;НТУУ КПІ;Інша;236-69-13;Відсутній
м.Київ;Солом'янський; вул. Янгеля;22;50.447817913798005;30.452699141003865;Найпростіші укриття;Підвал;Гуртожиток;НТУУ КПІ;Інша;236-69-13;Відсутній
м.Київ;Солом'янський; вул. Янгеля;5;50.449866800842344;30.45341462653466;Найпростіші укриття;Підвал;Гуртожиток;НТУУ КПІ;Інша;236-69-13;Відсутній
м.Київ;Солом'янський; вул. Янгеля;7;50.44914517288607;30.453322269840232;Найпростіші укриття;Підвал;Гуртожиток;НТУУ КПІ;Інша;236-69-13;Відсутній
м.Київ;Солом'янський; вул. Янгеля;9/16;50.44820111252902;30.45493899769855;Найпростіші укриття;Підвал;Гуртожиток;НТУУ КПІ;Інша;236-69-13;Відсутній
м.Київ;Солом'янський; вул.Галего  Миколи;5;50.43967037462385;30.44113929867635;Подвійного призначення;Підземний паркінг;Житловий будинок;ОСББ «Лебедів квартал»;Приватна;096-555-0330;Відсутній
м.Київ;Солом'янський; вул.Кавказька;12;50.430580636602926;30.480053656348865;Подвійного призначення;Підвал;Житловий будинок;ЖЕД № 903 КП «КК з ОЖФ Солом’янського району м.Києва»;Комунальна;275-54-21;Відсутній
м.Київ;Солом'янський; вул.Кудряшова;12/14;50.43269612988527;30.48745531216708;Найпростіші укриття;Підвал;Школа;Середня загальноосвітня школа № 221;Комунальна;245-66-94;Відсутній
м.Київ;Солом'янський; Південний залізничний вокзал;;50.439266272184426;30.485929149324626;Найпростіші укриття;Підземний перехід з пандусом;Підземний перехід;КП «ШЕУ»;Комунальна;;В наявності
м.Київ;Солом'янський; площа Космонавтів;;50.43246699892192;30.45525799867612;Найпростіші укриття;Підземний перехід з пандусом;Підземний перехід;КП «ШЕУ»;Комунальна;;В наявності
м.Київ;Солом'янський; площа Севастопольська;;50.42497297730347;30.45849731216677;Найпростіші укриття;Підземний перехід з пандусом;Підземний перехід;КП «ШЕУ»;Комунальна;;В наявності
м.Київ;Солом'янський; пров. Індустріальний;2;50.44301626448402;30.443558370714367;Найпростіші укриття;Підвал;Гуртожиток;НТУУ КПІ;Інша;236-69-13;Відсутній
м.Київ;Солом'янський; пров. Ковальський;19;50.44731821545721;30.44886454100374;Подвійного призначення;Підвал;Адмін. будівля;ТОВ «Столичний комфорт»;Приватна;044-593-24-26;Відсутній
м.Київ;Солом'янський; пров. Ковальський;20/2;50.44700;30.44831;Подвійного призначення;Підвал;Житловий будинок;ЖЕД № 906 «КК з ОЖФ Солом’янського району м.Києва;Комунальна;453-18-25;Відсутній
м.Київ;Солом'янський; пров. Ковальський;22-А;50.4466666213114;30.447374541003864;Найпростіші укриття;Підвал;Гуртожиток;НТУУ КПІ;Інша;236-69-13;Відсутній
м.Київ;Солом'янський; пров. Ковальський;3;50.44986;30.45015;Подвійного призначення;Підвал;Житловий будинок;ЖЕД № 906 «КК з ОЖФ Солом’янського району м.Києва;Комунальна;453-18-25;Відсутній
м.Київ;Солом'янський; пров. Ковальський;5;50.449712212517284;30.45038104100389;Найпростіші укриття;Підвал;Гуртожиток;НТУУ КПІ;Інша;236-69-13;Відсутній
м.Київ;Солом'янський; пров. Машинобудівний;27;50.44829;30.43530;Подвійного призначення;Підвал;Житловий будинок;ЖЕД № 906 «КК з ОЖФ Солом’янського району м.Києва;Комунальна;453-18-25;Відсутній
м.Київ;Солом'янський; пров. Металістів;9;50.44895;30.44896;Подвійного призначення;Підвал;Житловий будинок;ЖЕД № 906 «КК з ОЖФ Солом’янського району м.Києва;Комунальна;453-18-25;Відсутній
м.Київ;Солом'янський; пров. Польовий;10;50.45279640996579;30.448851183331204;Найпростіші укриття;Підвал;Школа;Спеціалізована школа № 71;Комунальна;456-63-71;Відсутній
м.Київ;Солом'янський; пров. Польовий;12;50.45223;30.44786;Подвійного призначення;Підвал;Житловий будинок;ЖЕД № 906 «КК з ОЖФ Солом’янського району м.Києва;Комунальна;453-18-25;Відсутній
м.Київ;Солом'янський; пров. Польовий;8;50.45193;30.44978;Подвійного призначення;Підвал;Житловий будинок;ЖЕД № 906 «КК з ОЖФ Солом’янського району м.Києва;Комунальна;453-18-25;Відсутній
м.Київ;Солом'янський; просп. Відрадний;14/45;50.42937;30.43020;Найпростіші укриття;Підвал;Житловий будинок;ЖЕД № 905 «КК з ОЖФ Солом’янського району м.Києва;Комунальна;408-72-36;Відсутній
м.Київ;Солом'янський; просп. Відрадний;14/45-А;50.42999893845015;30.429586469839684;Найпростіші укриття;Підвал;Дитячий садочок;Дошкільний навчальний заклад № 398;Комунальна;497-80-13;Відсутній
м.Київ;Солом'янський; просп. Відрадний;16/50;50.42783;30.42920;Подвійного призначення;Підвал;Житловий будинок;ЖЕД № 905 «КК з ОЖФ Солом’янського району м.Києва;Комунальна;408-72-36;Відсутній
м.Київ;Солом'янський; просп. Відрадний;18;50.42687;30.42856;Подвійного призначення;Підвал;Житловий будинок;ЖЕД № 905 «КК з ОЖФ Солом’янського району м.Києва;Комунальна;408-72-36;Відсутній
м.Київ;Солом'янський; просп. Відрадний;20;50.42628459043622;30.427836469839537;Найпростіші укриття;Підвал;Школа;Спеціалізована школа № 173;Комунальна;497-20-86;Відсутній
м.Київ;Солом'янський; просп. Відрадний;22;50.42527;30.42751;Подвійного призначення;Підвал;Житловий будинок;ЖЕД № 905 «КК з ОЖФ Солом’янського району м.Києва;Комунальна;408-72-36;Відсутній
м.Київ;Солом'янський; просп. Відрадний;24/93;50.42430;30.42685;Подвійного призначення;Підвал;Житловий будинок;ЖЕД № 905 «КК з ОЖФ Солом’янського району м.Києва;Комунальна;408-72-36;Відсутній
м.Київ;Солом'янський; просп. Відрадний;40;50.41689;30.42364;Подвійного призначення;Підвал;Житловий будинок;ЖЕД № 905 «КК з ОЖФ Солом’янського району м.Києва;Комунальна;408-72-36;Відсутній
м.Київ;Солом'янський; просп. Відрадний;67;50.42928;30.43117;Найпростіші укриття;Підвал;Житловий будинок;ЖЕД № 905 «КК з ОЖФ Солом’янського району м.Києва;Комунальна;408-72-36;Відсутній
м.Київ;Солом'янський; просп. Гузара Любомира / зупинка «Героїв Севастополя»;50.4381867;30.4196102;Найпростіші укриття;Підземний перехід з пандусом;Підземний перехід;Cлужба колії КП «Київпастранс» (швидкісний трамвай);Комунальна;;;В наявності
м.Київ;Солом'янський; просп. Гузара Любомира;1;50.44037684045064;30.42981148235421;Найпростіші укриття;Підвал;Гуртожиток;Національний авіаційний університет;Інша;457-77-55;Відсутній
м.Київ;Солом'янський; просп. Гузара Любомира;1;50.44004202273428;30.428234343465466;Найпростіші укриття;Підвал;Гуртожиток;Національний авіаційний університет;Інша;457-77-55;Відсутній
м.Київ;Солом'янський; просп. Гузара Любомира;1;50.437705065922444;30.433663134481375;Найпростіші укриття;Підвал;Гуртожиток;Національний авіаційний університет;Інша;457-77-55;Відсутній
м.Київ;Солом'янський; просп. Гузара Любомира;1;50.44004202273428;30.428234343465466;Найпростіші укриття;Підвал;Гуртожиток;Національний авіаційний університет;Інша;457-77-55;Відсутній
м.Київ;Солом'янський; просп. Гузара Любомира;1;50.44004202273428;30.428234343465466;Найпростіші укриття;Підвал;Гуртожиток;Національний авіаційний університет;Інша;457-77-55;Відсутній
м.Київ;Солом'янський; просп. Гузара Любомира;1;50.44004202273428;30.428234343465466;Найпростіші укриття;Підвал;Гуртожиток;Національний авіаційний університет;Інша;457-77-55;Відсутній
м.Київ;Солом'янський; просп. Гузара Любомира;1;50.44004202273428;30.428234343465466;Найпростіші укриття;Підвал;Адмін. будівля;Національний авіаційний університет;Інша;457-77-55;Відсутній
м.Київ;Солом'янський; просп. Гузара Любомира;1;50.439092220867096;30.427730088178965;Найпростіші укриття;Підвал;Адмін. будівля;Національний авіаційний університет;Інша;457-77-55;Відсутній
м.Київ;Солом'янський; просп. Гузара Любомира;1;50.44037684045064;30.42981148235421;Найпростіші укриття;Підвал;Адмін. будівля;Національний авіаційний університет;Інша;275-16-02;Відсутній
м.Київ;Солом'янський; просп. Гузара Любомира;26;50.439385192606586;30.421381125258947;Подвійного призначення;Підвал;Адмін. будівля;Фірма «Т.М.М.» - ТОВ;Приватна;0593-07-12;Відсутній
м.Київ;Солом'янський; просп. Гузара Любомира;26;50.43908704319564;30.42225305634906;Подвійного призначення;Підвал;Адмін. будівля;Фірма «Т.М.М.» - ТОВ;Приватна;044-593-07-12;Відсутній
м.Київ;Солом'янський; просп. Гузара Любомира;3;50.43608062003767;30.412574369839927;Найпростіші укриття;Підвал;Адмін. будівля;КНП «Центр первинної медико-санітарної допомоги №1 Солом’янського району м. Києва»;Комунальна;408-80-20;Відсутній
м.Київ;Солом'янський; просп. Гузара Любомира;3 к.13 (харчоблок);50.43604645197413;30.412585098676306;Найпростіші укриття;Підвал;Лікарня;Київська міська клінічна лікарня № 6;Комунальна;0497-11-16;Відсутній
м.Київ;Солом'янський; просп. Гузара Любомира;3 к.4;50.43604645197413;30.412585098676306;Найпростіші укриття;Підвал;Лікарня;Київська міська клінічна лікарня № 6;Комунальна;0497-11-16;Відсутній
м.Київ;Солом'янський; просп. Гузара Любомира;3 к.5;50.43604645197413;30.412585098676306;Найпростіші укриття;Підвал;Лікарня;Київська міська клінічна лікарня № 6;Комунальна;0497-11-16;Відсутній
м.Київ;Солом'янський; просп. Гузара Любомира;30/28-А;50.4382691456194;30.417817341003634;Найпростіші укриття;Підвал;Дитячий садочок;Дошкільний навчальний заклад № 395;Комунальна;456-04-98;Відсутній
м.Київ;Солом'янський; просп. Гузара Любомира;32;50.4380091;30.4151726;Найпростіші укриття;Підвал;Школа;Середня загальноосвітня школа № 26;Комунальна;497-73-22;Відсутній
м.Київ;Солом'янський; просп. Гузара Любомира/ зупинка «Вацлава Гавела»;;50.43602812348747;30.410991832828476;Найпростіші укриття;Підземний перехід з пандусом;Підземний перехід;Cлужба колії КП «Київпастранс» (швидкісний трамвай);Комунальна;;В наявності
м.Київ;Солом'янський; просп. Лобановського Валерія ;5;50.42487558996814;30.462284212166786;Найпростіші укриття;Підвал;Житловий будинок;ЖЕД № 903 КП «КК з ОЖФ Солом’янського району м.Києва»;Комунальна;275-54-21;Відсутній
м.Київ;Солом'янський; просп. Лобановського Валерія;10 к.7;50.42149987265084;30.46831254100305;Найпростіші укриття;Підвал;Гуртожиток;Київський національний університет будівництва і архітектури;Інша;044-275-16-02;Відсутній
м.Київ;Солом'янський; просп. Лобановського Валерія;35;50.421325209046095;30.470873712166682;Подвійного призначення;Підвал;Житловий будинок;ЖЕД № 903 КП «КК з ОЖФ Солом’янського району м.Києва»;Комунальна;275-54-21;Відсутній
м.Київ;Солом'янський; просп. Лобановського Валерія;37;50.421097366714655;30.471686725657566;Подвійного призначення;Підвал;Житловий будинок;ЖЕД № 903 КП «КК з ОЖФ Солом’янського району м.Києва»;Комунальна;275-54-21;Відсутній
м.Київ;Солом'янський; просп. Лобановського Валерія;39-А;50.420755875334926;30.47248099867583;Подвійного призначення;Підвал;Житловий будинок;ЖЕД № 903 КП «КК з ОЖФ Солом’янського району м.Києва»;Комунальна;275-54-21;Відсутній
м.Київ;Солом'янський; просп. Лобановського Валерія;4-А;50.42350485907065;30.463473239148502;Подвійного призначення;Підвал;Адмін. будівля;ТОВ «Українська будівельна компанія-Сервіс»;;Приватна;Відсутній
м.Київ;Солом'янський; просп. Лобановського Валерія;4-Б;50.42291821881388;30.463068556348592;Подвійного призначення;Підвал;Адмін. будівля;ТОВ «Українська будівельна компанія-Сервіс»;;Приватна;Відсутній
м.Київ;Солом'янський; просп. Лобановського Валерія;4-В;50.422476126741884;30.462450083330328;Подвійного призначення;Підвал;Адмін. будівля;ТОВ «Українська будівельна компанія-Сервіс»;;Приватна;Відсутній
м.Київ;Солом'янський; просп. Лобановського Валерія;4-Г;50.42192136409841;30.461931083330338;Подвійного призначення;Підвал;Адмін. будівля;ТОВ «Українська будівельна компанія-Сервіс»;;Приватна;Відсутній
м.Київ;Солом'янський; просп. Лобановського Валерія;4-Ж;50.421361744669966;30.463095469839324;Подвійного призначення;Підвал;Адмін. будівля;ТОВ «Українська будівельна компанія-Сервіс»;;Приватна;Відсутній
м.Київ;Солом'янський; просп. Лобановського Валерія;57;50.41815108473284;30.478162269839267;Подвійного призначення;Підвал;Житловий будинок;ЖЕД № 903 КП «КК з ОЖФ Солом’янського району м.Києва»;Комунальна;275-54-21;Відсутній
м.Київ;Солом'янський; просп. Лобановського Валерія;6;50.42216412768744;30.466158212166643;Найпростіші укриття;Підвал;Школа;Ліцей №144 ім. Г.Ващенка м. Києва;Комунальна;249-79-70;Відсутній
м.Київ;Солом'янський; просп. Лобановського Валерія;7/2;50.42449765591835;30.46322692751226;Подвійного призначення;Підвал;Житловий будинок;ЖЕД № 903 КП «КК з ОЖФ Солом’янського району м.Києва»;Комунальна;275-54-21;Відсутній
м.Київ;Солом'янський; просп. Лобановського Валерія/ Андрія Головка;;50.418105647197386;30.47760832393349;Найпростіші укриття;Підземний перехід з пандусом;Підземний перехід;КП «ШЕУ»;Комунальна;;В наявності
м.Київ;Солом'янський; просп. Лобановського Валерія/ Вузівська;;50.42381944933559;30.464493371383472;Найпростіші укриття;Підземний перехід з пандусом;Підземний перехід;КП «ШЕУ»;Комунальна;;В наявності
м.Київ;Солом'янський; просп. Лобановського Валерія/ Максима Кривоноса;;50.4229880960771;30.46637166863323;Найпростіші укриття;Підземний перехід з пандусом;Підземний перехід;КП «ШЕУ»;Комунальна;;В наявності
м.Київ;Солом'янський; просп. Лобановського Валерія/ Народна;;50.41491194129269;30.47983539711292;Найпростіші укриття;Підземний перехід з пандусом;Підземний перехід;КП «ШЕУ»;Комунальна;;В наявності
м.Київ;Солом'янський; просп. Лобановського Валерія/ Олексіївська;;50.42081178653748;30.47071609627322;Найпростіші укриття;Підземний перехід з пандусом;Підземний перехід;КП «ШЕУ»;Комунальна;;В наявності
м.Київ;Солом'янський; просп. Перемоги;37;50.4485402477365;30.460416926534567;Найпростіші укриття;Підвал;Гуртожиток;НТУУ КПІ;Інша;457-77-55;Відсутній
м.Київ;Солом'янський; просп. Перемоги;37-А;50.44887640564779;30.463410784206477;Найпростіші укриття;Підвал;Гуртожиток;НТУУ КПІ;Інша;236-69-13;Відсутній
м.Київ;Солом'янський; просп. Перемоги;37-Є;50.44952459340216;30.46068099769855;Найпростіші укриття;Підвал;Гуртожиток;НТУУ КПІ;Інша;236-69-13;Відсутній
м.Київ;Солом'янський; просп. Перемоги;37-К;50.44952459340216;30.46068099769855;Найпростіші укриття;Підвал;Гуртожиток;НТУУ КПІ;Інша;236-69-13;Відсутній
м.Київ;Солом'янський; просп. Перемоги;39/41;50.45276;30.45265;Найпростіші укриття;Підвал;Житловий будинок;ЖЕД № 906 «КК з ОЖФ Солом’янського району м.Києва;Комунальна;453-18-25;Відсутній
м.Київ;Солом'янський; просп. Перемоги;43;50.45337;30.45069;Подвійного призначення;Підвал;Житловий будинок;ЖЕД № 906 «КК з ОЖФ Солом’янського району м.Києва;Комунальна;453-18-25;Відсутній
м.Київ;Солом'янський; просп. Перемоги;45;50.45368;30.44925;Подвійного призначення;Підвал;Житловий будинок;ЖЕД № 906 «КК з ОЖФ Солом’янського району м.Києва;Комунальна;453-18-25;Відсутній
м.Київ;Солом'янський; просп. Перемоги; станція метро «КПІ»;50.45111871991485;30.465490857225205;Найпростіші укриття;Підземний перехід з пандусом;Підземний перехід;КП «ШЕУ»;Комунальна;;В наявності
м.Київ;Солом'янський; просп. Повітрофлотський ;11/15;50.439029742604376;30.478322485185476;Найпростіші укриття;Підвал;Житловий будинок;ЖЕД № 901 КП «КК з ОЖФ Солом’янського району м.Києва»;Комунальна;242-23-53;Відсутній
м.Київ;Солом'янський; просп. Повітрофлотський;1;50.4436125626727;30.480976083006585;Подвійного призначення;Підвал;Житловий будинок;ЖЕД № 901 КП «КК з ОЖФ Солом’янського району м.Києва»;Комунальна;242-23-53;Відсутній
м.Київ;Солом'янський; просп. Повітрофлотський;14/17;50.43944377531079;30.477094527512758;Найпростіші укриття;Підвал;Житловий будинок;ЖЕД № 901 КП «КК з ОЖФ Солом’янського району м.Києва»;Комунальна;242-23-53;Відсутній
м.Київ;Солом'янський; просп. Повітрофлотський;21/1;50.43671351712743;30.474429339148863;Подвійного призначення;Підвал;Житловий будинок;ЖЕД № 901 КП «КК з ОЖФ Солом’янського району м.Києва»;Комунальна;242-23-53;Відсутній
м.Київ;Солом'янський; просп. Повітрофлотський;22;50.436900583562505;30.473613527512484;Найпростіші укриття;Підвал;Школа;Гімназія № 178;Комунальна;249-59-80;Відсутній
м.Київ;Солом'янський; просп. Повітрофлотський;23;50.43618658518473;30.474133841003574;Подвійного призначення;Підвал;Житловий будинок;ЖЕД № 901 КП «КК з ОЖФ Солом’янського району м.Києва»;Комунальна;242-23-53;Відсутній
м.Київ;Солом'янський; просп. Повітрофлотський;31;50.4276462020026;30.466052511189584;Найпростіші укриття;Підвал;Гуртожиток;Київський національний університет будівництва і архітектури;Інша;;Відсутній
м.Київ;Солом'янський; просп. Повітрофлотський;33/2;50.42711348253928;30.46341136983959;Найпростіші укриття;Підвал;Житловий будинок;ЖЕД № 903 КП «КК з ОЖФ Солом’янського району м.Києва»;Комунальна;275-54-21;Відсутній
м.Київ;Солом'янський; просп. Повітрофлотський;35-А;50.42650805458049;30.463630069839603;Найпростіші укриття;Підвал;Гуртожиток;ДВНЗ «Київський електромеханічний коледж»;Інша;044-249-85-98;Відсутній
м.Київ;Солом'янський; просп. Повітрофлотський;35-А;50.42648071460803;30.46359788235364;Найпростіші укриття;Підвал;Гуртожиток;ДВНЗ «Київський електромеханічний коледж»;Інша;236-69-13;Відсутній
м.Київ;Солом'янський; просп. Повітрофлотський;36;50.42812551396141;30.46342559867607;Подвійного призначення;Підвал;Житловий будинок;ЖЕД № 901 КП «КК з ОЖФ Солом’янського району м.Києва»;Комунальна;242-23-53;Відсутній
м.Київ;Солом'янський; просп. Повітрофлотський;37;50.426062521107646;30.461190283330456;Найпростіші укриття;Підвал;Гуртожиток;ДВНЗ «Київський електромеханічний коледж»;Інша;044-249-85-98;Відсутній
м.Київ;Солом'янський; просп. Повітрофлотський;38;50.42778754996362;30.463291298676005;Подвійного призначення;Підвал;Житловий будинок;ЖЕД № 901 КП «КК з ОЖФ Солом’янського району м.Києва»;Комунальна;242-23-53;Відсутній
м.Київ;Солом'янський; просп. Повітрофлотський;42;50.42711961744589;30.461852712166813;Подвійного призначення;Підвал;Житловий будинок;ЖЕД № 901 КП «КК з ОЖФ Солом’янського району м.Києва»;Комунальна;242-23-53;Відсутній
м.Київ;Солом'янський; просп. Повітрофлотський;46;50.42642424472798;30.4604461121668;Подвійного призначення;Підвал;Житловий будинок;ЖЕД № 901 КП «КК з ОЖФ Солом’янського району м.Києва»;Комунальна;242-23-53;Відсутній
м.Київ;Солом'янський; просп. Повітрофлотський;5;50.442175263554546;30.480583067985428;Подвійного призначення;Підвал;Житловий будинок;ЖЕД № 901 КП «КК з ОЖФ Солом’янського району м.Києва»;Комунальна;242-23-53;Відсутній
м.Київ;Солом'янський; просп. Повітрофлотський;50/2;50.425767668010934;30.458770869839572;Подвійного призначення;Підвал;Житловий будинок;ЖЕД № 902 КП «КК з ОЖФ Солом’янського району м.Києва»;Комунальна;242-00-21;Відсутній
м.Київ;Солом'янський; просп. Повітрофлотський;7;50.441580565872584;30.480295785185557;Подвійного призначення;Підвал;Житловий будинок;ЖЕД № 901 КП «КК з ОЖФ Солом’янського району м.Києва»;Комунальна;242-23-53;Відсутній
м.Київ;Солом'янський; просп. Повітрофлотський;76-А;50.416687544284805;30.445975998675618;Найпростіші укриття;Підвал;Гуртожиток;АТЗТ «Фірма «Авіаінвест»;Інша;044-249-00-79;Відсутній
м.Київ;Солом'янський; просп. Повітрофлотський;20;50.43768938082979;30.474752656349064;Найпростіші укриття;Підвал;Житловий будинок;ЖЕД № 901 КП «КК з ОЖФ Солом’янського району м.Києва»;Комунальна;242-23-53;Відсутній
м.Київ;Солом'янський; просп. Повітрофлотський;25;50.43436749069888;30.472338269839813;Найпростіші укриття;Підвал;Житловий будинок;ЖЕД № 901 КП «КК з ОЖФ Солом’янського району м.Києва»;Комунальна;242-23-53;Відсутній
м.Київ;Солом'янський; просп. Повітрофлотський/ вул. Огієнка;;50.44160315191759;30.47944893215262;Найпростіші укриття;Підземний перехід з пандусом;Підземний перехід;КП «ШЕУ»;Комунальна;;В наявності
м.Київ;Солом'янський; просп.Повітрофлотський;16;50.439358175570256;30.47612232751266;Подвійного призначення;Підвал;Житловий будинок;ЖЕД № 901 КП «КК з ОЖФ Солом’янського району м.Києва»;Комунальна;242-23-53;Відсутній
м.Київ;Солом'янський; прсп. Лобановського Валерія;10 к.8;50.42148620121919;30.468323269839413;Найпростіші укриття;Підвал;Гуртожиток;Київський національний університет будівництва і архітектури;Інша;044-275-16-02;Відсутній
м.Київ;Солом'янський; Станція Пост-Волинський;;50.41167095008895;30.432233337065124;Найпростіші укриття;Підземний перехід з пандусом;Підземний перехід;КП «ШЕУ»;Комунальна;;В наявності
м.Київ;Солом'янський;Станція метро «Берестейська»;50.4589892;30.4200999;Подвійного призначення;Станція метро;Станція метрополітену;"КП ""Київський метрополітен""";"КП ""Київський метрополітен""";Комунальна;456-52-02;В наявності
м.Київ;Солом'янський;Станція метро «Вокзальна»;50.441321034457346;30.489990243823076;Подвійного призначення;Станція метро;Станція метрополітену;"КП ""Київський метрополітен""";"КП ""Київський метрополітен""";Комунальна;456-52-02;В наявності
м.Київ;Солом'янський;Станція метро «Політехнічна»;50.45111833277234;30.464305410286887;Подвійного призначення;Станція метро;Станція метрополітену;"КП ""Київський метрополітен""";"КП ""Київський метрополітен""";Комунальна;456-52-02;В наявності